STATISTIC,Statistic,TLIST(M1),Month,C02196V02652,State,UNIT,VALUE
TSM04C1,Exports of Cattle,197001,1970M01,-,State,Thousand,37.58
TSM04C1,Exports of Cattle,197002,1970M02,-,State,Thousand,47.53
TSM04C1,Exports of Cattle,197003,1970M03,-,State,Thousand,70.09
TSM04C1,Exports of Cattle,197004,1970M04,-,State,Thousand,52.24
TSM04C1,Exports of Cattle,197005,1970M05,-,State,Thousand,52.39
TSM04C1,Exports of Cattle,197006,1970M06,-,State,Thousand,32.12
TSM04C1,Exports of Cattle,197007,1970M07,-,State,Thousand,44.65
TSM04C1,Exports of Cattle,197008,1970M08,-,State,Thousand,51.32
TSM04C1,Exports of Cattle,197009,1970M09,-,State,Thousand,42.3
TSM04C1,Exports of Cattle,197010,1970M10,-,State,Thousand,42.21
TSM04C1,Exports of Cattle,197011,1970M11,-,State,Thousand,33.92
TSM04C1,Exports of Cattle,197012,1970M12,-,State,Thousand,22.69
TSM04C1,Exports of Cattle,197101,1971M01,-,State,Thousand,43.87
TSM04C1,Exports of Cattle,197102,1971M02,-,State,Thousand,51.47
TSM04C1,Exports of Cattle,197103,1971M03,-,State,Thousand,79.27
TSM04C1,Exports of Cattle,197104,1971M04,-,State,Thousand,58.53
TSM04C1,Exports of Cattle,197105,1971M05,-,State,Thousand,46.82
TSM04C1,Exports of Cattle,197106,1971M06,-,State,Thousand,60.38
TSM04C1,Exports of Cattle,197107,1971M07,-,State,Thousand,49.24
TSM04C1,Exports of Cattle,197108,1971M08,-,State,Thousand,56.42
TSM04C1,Exports of Cattle,197109,1971M09,-,State,Thousand,47.5
TSM04C1,Exports of Cattle,197110,1971M10,-,State,Thousand,45.83
TSM04C1,Exports of Cattle,197111,1971M11,-,State,Thousand,49.69
TSM04C1,Exports of Cattle,197112,1971M12,-,State,Thousand,26.79
TSM04C1,Exports of Cattle,197201,1972M01,-,State,Thousand,48.44
TSM04C1,Exports of Cattle,197202,1972M02,-,State,Thousand,62.15
TSM04C1,Exports of Cattle,197203,1972M03,-,State,Thousand,68.47
TSM04C1,Exports of Cattle,197204,1972M04,-,State,Thousand,46.53
TSM04C1,Exports of Cattle,197205,1972M05,-,State,Thousand,38.82
TSM04C1,Exports of Cattle,197206,1972M06,-,State,Thousand,43.28
TSM04C1,Exports of Cattle,197207,1972M07,-,State,Thousand,47.36
TSM04C1,Exports of Cattle,197208,1972M08,-,State,Thousand,50.75
TSM04C1,Exports of Cattle,197209,1972M09,-,State,Thousand,45.69
TSM04C1,Exports of Cattle,197210,1972M10,-,State,Thousand,46.76
TSM04C1,Exports of Cattle,197211,1972M11,-,State,Thousand,57.77
TSM04C1,Exports of Cattle,197212,1972M12,-,State,Thousand,40.78
TSM04C1,Exports of Cattle,197301,1973M01,-,State,Thousand,35.58
TSM04C1,Exports of Cattle,197302,1973M02,-,State,Thousand,32.27
TSM04C1,Exports of Cattle,197303,1973M03,-,State,Thousand,47.51
TSM04C1,Exports of Cattle,197304,1973M04,-,State,Thousand,32.19
TSM04C1,Exports of Cattle,197305,1973M05,-,State,Thousand,34.76
TSM04C1,Exports of Cattle,197306,1973M06,-,State,Thousand,34.72
TSM04C1,Exports of Cattle,197307,1973M07,-,State,Thousand,34.25
TSM04C1,Exports of Cattle,197308,1973M08,-,State,Thousand,35.26
TSM04C1,Exports of Cattle,197309,1973M09,-,State,Thousand,30.5
TSM04C1,Exports of Cattle,197310,1973M10,-,State,Thousand,44.67
TSM04C1,Exports of Cattle,197311,1973M11,-,State,Thousand,65.33
TSM04C1,Exports of Cattle,197312,1973M12,-,State,Thousand,26.6
TSM04C1,Exports of Cattle,197401,1974M01,-,State,Thousand,23.21
TSM04C1,Exports of Cattle,197402,1974M02,-,State,Thousand,36.97
TSM04C1,Exports of Cattle,197403,1974M03,-,State,Thousand,51.03
TSM04C1,Exports of Cattle,197404,1974M04,-,State,Thousand,37.82
TSM04C1,Exports of Cattle,197405,1974M05,-,State,Thousand,26.22
TSM04C1,Exports of Cattle,197406,1974M06,-,State,Thousand,28.88
TSM04C1,Exports of Cattle,197407,1974M07,-,State,Thousand,36.91
TSM04C1,Exports of Cattle,197408,1974M08,-,State,Thousand,40.36
TSM04C1,Exports of Cattle,197409,1974M09,-,State,Thousand,41.17
TSM04C1,Exports of Cattle,197410,1974M10,-,State,Thousand,42.59
TSM04C1,Exports of Cattle,197411,1974M11,-,State,Thousand,41.79
TSM04C1,Exports of Cattle,197412,1974M12,-,State,Thousand,33.51
TSM04C1,Exports of Cattle,197501,1975M01,-,State,Thousand,53.52
TSM04C1,Exports of Cattle,197502,1975M02,-,State,Thousand,44.19
TSM04C1,Exports of Cattle,197503,1975M03,-,State,Thousand,51.06
TSM04C1,Exports of Cattle,197504,1975M04,-,State,Thousand,46.68
TSM04C1,Exports of Cattle,197505,1975M05,-,State,Thousand,51.68
TSM04C1,Exports of Cattle,197506,1975M06,-,State,Thousand,35.83
TSM04C1,Exports of Cattle,197507,1975M07,-,State,Thousand,75.44
TSM04C1,Exports of Cattle,197508,1975M08,-,State,Thousand,77.63
TSM04C1,Exports of Cattle,197509,1975M09,-,State,Thousand,72.3
TSM04C1,Exports of Cattle,197510,1975M10,-,State,Thousand,84.16
TSM04C1,Exports of Cattle,197511,1975M11,-,State,Thousand,71.52
TSM04C1,Exports of Cattle,197512,1975M12,-,State,Thousand,39.72
TSM04C1,Exports of Cattle,197601,1976M01,-,State,Thousand,28.4
TSM04C1,Exports of Cattle,197602,1976M02,-,State,Thousand,30.4
TSM04C1,Exports of Cattle,197603,1976M03,-,State,Thousand,37.08
TSM04C1,Exports of Cattle,197604,1976M04,-,State,Thousand,33.42
TSM04C1,Exports of Cattle,197605,1976M05,-,State,Thousand,34.23
TSM04C1,Exports of Cattle,197606,1976M06,-,State,Thousand,35.62
TSM04C1,Exports of Cattle,197607,1976M07,-,State,Thousand,18.18
TSM04C1,Exports of Cattle,197608,1976M08,-,State,Thousand,18.16
TSM04C1,Exports of Cattle,197609,1976M09,-,State,Thousand,35.1
TSM04C1,Exports of Cattle,197610,1976M10,-,State,Thousand,46.17
TSM04C1,Exports of Cattle,197611,1976M11,-,State,Thousand,33.61
TSM04C1,Exports of Cattle,197612,1976M12,-,State,Thousand,19.47
TSM04C1,Exports of Cattle,197701,1977M01,-,State,Thousand,20.13
TSM04C1,Exports of Cattle,197702,1977M02,-,State,Thousand,29.96
TSM04C1,Exports of Cattle,197703,1977M03,-,State,Thousand,43.06
TSM04C1,Exports of Cattle,197704,1977M04,-,State,Thousand,39.74
TSM04C1,Exports of Cattle,197705,1977M05,-,State,Thousand,33.42
TSM04C1,Exports of Cattle,197706,1977M06,-,State,Thousand,34.66
TSM04C1,Exports of Cattle,197707,1977M07,-,State,Thousand,30.36
TSM04C1,Exports of Cattle,197708,1977M08,-,State,Thousand,36.57
TSM04C1,Exports of Cattle,197709,1977M09,-,State,Thousand,43.39
TSM04C1,Exports of Cattle,197710,1977M10,-,State,Thousand,47.4
TSM04C1,Exports of Cattle,197711,1977M11,-,State,Thousand,54.4
TSM04C1,Exports of Cattle,197712,1977M12,-,State,Thousand,40.07
TSM04C1,Exports of Cattle,197801,1978M01,-,State,Thousand,50.84
TSM04C1,Exports of Cattle,197802,1978M02,-,State,Thousand,37.55
TSM04C1,Exports of Cattle,197803,1978M03,-,State,Thousand,50.24
TSM04C1,Exports of Cattle,197804,1978M04,-,State,Thousand,46.72
TSM04C1,Exports of Cattle,197805,1978M05,-,State,Thousand,47.96
TSM04C1,Exports of Cattle,197806,1978M06,-,State,Thousand,43.97
TSM04C1,Exports of Cattle,197807,1978M07,-,State,Thousand,44.33
TSM04C1,Exports of Cattle,197808,1978M08,-,State,Thousand,56.5
TSM04C1,Exports of Cattle,197809,1978M09,-,State,Thousand,61.22
TSM04C1,Exports of Cattle,197810,1978M10,-,State,Thousand,44.51
TSM04C1,Exports of Cattle,197811,1978M11,-,State,Thousand,39.93
TSM04C1,Exports of Cattle,197812,1978M12,-,State,Thousand,25.65
TSM04C1,Exports of Cattle,197901,1979M01,-,State,Thousand,29.4
TSM04C1,Exports of Cattle,197902,1979M02,-,State,Thousand,27.39
TSM04C1,Exports of Cattle,197903,1979M03,-,State,Thousand,32.87
TSM04C1,Exports of Cattle,197904,1979M04,-,State,Thousand,15.29
TSM04C1,Exports of Cattle,197905,1979M05,-,State,Thousand,17.87
TSM04C1,Exports of Cattle,197906,1979M06,-,State,Thousand,18
TSM04C1,Exports of Cattle,197907,1979M07,-,State,Thousand,22.61
TSM04C1,Exports of Cattle,197908,1979M08,-,State,Thousand,34.61
TSM04C1,Exports of Cattle,197909,1979M09,-,State,Thousand,24.96
TSM04C1,Exports of Cattle,197910,1979M10,-,State,Thousand,29.31
TSM04C1,Exports of Cattle,197911,1979M11,-,State,Thousand,40.43
TSM04C1,Exports of Cattle,197912,1979M12,-,State,Thousand,34.19
TSM04C1,Exports of Cattle,198001,1980M01,-,State,Thousand,26.57
TSM04C1,Exports of Cattle,198002,1980M02,-,State,Thousand,40.02
TSM04C1,Exports of Cattle,198003,1980M03,-,State,Thousand,43.67
TSM04C1,Exports of Cattle,198004,1980M04,-,State,Thousand,49.95
TSM04C1,Exports of Cattle,198005,1980M05,-,State,Thousand,30.08
TSM04C1,Exports of Cattle,198006,1980M06,-,State,Thousand,32.71
TSM04C1,Exports of Cattle,198007,1980M07,-,State,Thousand,42.52
TSM04C1,Exports of Cattle,198008,1980M08,-,State,Thousand,43.7
TSM04C1,Exports of Cattle,198009,1980M09,-,State,Thousand,47.08
TSM04C1,Exports of Cattle,198010,1980M10,-,State,Thousand,43.75
TSM04C1,Exports of Cattle,198011,1980M11,-,State,Thousand,38.61
TSM04C1,Exports of Cattle,198012,1980M12,-,State,Thousand,35.07
TSM04C1,Exports of Cattle,198101,1981M01,-,State,Thousand,33.4
TSM04C1,Exports of Cattle,198102,1981M02,-,State,Thousand,37.43
TSM04C1,Exports of Cattle,198103,1981M03,-,State,Thousand,40.32
TSM04C1,Exports of Cattle,198104,1981M04,-,State,Thousand,33.71
TSM04C1,Exports of Cattle,198105,1981M05,-,State,Thousand,25.22
TSM04C1,Exports of Cattle,198106,1981M06,-,State,Thousand,27.43
TSM04C1,Exports of Cattle,198107,1981M07,-,State,Thousand,33.99
TSM04C1,Exports of Cattle,198108,1981M08,-,State,Thousand,37.72
TSM04C1,Exports of Cattle,198109,1981M09,-,State,Thousand,29.8
TSM04C1,Exports of Cattle,198110,1981M10,-,State,Thousand,48.96
TSM04C1,Exports of Cattle,198111,1981M11,-,State,Thousand,51.36
TSM04C1,Exports of Cattle,198112,1981M12,-,State,Thousand,31.71
TSM04C1,Exports of Cattle,198201,1982M01,-,State,Thousand,29.84
TSM04C1,Exports of Cattle,198202,1982M02,-,State,Thousand,37.89
TSM04C1,Exports of Cattle,198203,1982M03,-,State,Thousand,45.36
TSM04C1,Exports of Cattle,198204,1982M04,-,State,Thousand,27.31
TSM04C1,Exports of Cattle,198205,1982M05,-,State,Thousand,15.07
TSM04C1,Exports of Cattle,198206,1982M06,-,State,Thousand,30.74
TSM04C1,Exports of Cattle,198207,1982M07,-,State,Thousand,26.07
TSM04C1,Exports of Cattle,198208,1982M08,-,State,Thousand,24.77
TSM04C1,Exports of Cattle,198209,1982M09,-,State,Thousand,28.03
TSM04C1,Exports of Cattle,198210,1982M10,-,State,Thousand,30.34
TSM04C1,Exports of Cattle,198211,1982M11,-,State,Thousand,34.67
TSM04C1,Exports of Cattle,198212,1982M12,-,State,Thousand,29.16
TSM04C1,Exports of Cattle,198301,1983M01,-,State,Thousand,21.44
TSM04C1,Exports of Cattle,198302,1983M02,-,State,Thousand,31.3
TSM04C1,Exports of Cattle,198303,1983M03,-,State,Thousand,41.31
TSM04C1,Exports of Cattle,198304,1983M04,-,State,Thousand,45.66
TSM04C1,Exports of Cattle,198305,1983M05,-,State,Thousand,25.68
TSM04C1,Exports of Cattle,198306,1983M06,-,State,Thousand,31.72
TSM04C1,Exports of Cattle,198307,1983M07,-,State,Thousand,33.03
TSM04C1,Exports of Cattle,198308,1983M08,-,State,Thousand,40.21
TSM04C1,Exports of Cattle,198309,1983M09,-,State,Thousand,38.33
TSM04C1,Exports of Cattle,198310,1983M10,-,State,Thousand,40.83
TSM04C1,Exports of Cattle,198311,1983M11,-,State,Thousand,51.92
TSM04C1,Exports of Cattle,198312,1983M12,-,State,Thousand,30.23
TSM04C1,Exports of Cattle,198401,1984M01,-,State,Thousand,21.45
TSM04C1,Exports of Cattle,198402,1984M02,-,State,Thousand,36.99
TSM04C1,Exports of Cattle,198403,1984M03,-,State,Thousand,37.73
TSM04C1,Exports of Cattle,198404,1984M04,-,State,Thousand,31.76
TSM04C1,Exports of Cattle,198405,1984M05,-,State,Thousand,35.68
TSM04C1,Exports of Cattle,198406,1984M06,-,State,Thousand,20.54
TSM04C1,Exports of Cattle,198407,1984M07,-,State,Thousand,22.45
TSM04C1,Exports of Cattle,198408,1984M08,-,State,Thousand,30.15
TSM04C1,Exports of Cattle,198409,1984M09,-,State,Thousand,33.24
TSM04C1,Exports of Cattle,198410,1984M10,-,State,Thousand,50.95
TSM04C1,Exports of Cattle,198411,1984M11,-,State,Thousand,42.34
TSM04C1,Exports of Cattle,198412,1984M12,-,State,Thousand,24.43
TSM04C1,Exports of Cattle,198501,1985M01,-,State,Thousand,13.43
TSM04C1,Exports of Cattle,198502,1985M02,-,State,Thousand,27.63
TSM04C1,Exports of Cattle,198503,1985M03,-,State,Thousand,27.51
TSM04C1,Exports of Cattle,198504,1985M04,-,State,Thousand,30.1
TSM04C1,Exports of Cattle,198505,1985M05,-,State,Thousand,31.82
TSM04C1,Exports of Cattle,198506,1985M06,-,State,Thousand,27.3
TSM04C1,Exports of Cattle,198507,1985M07,-,State,Thousand,22.36
TSM04C1,Exports of Cattle,198508,1985M08,-,State,Thousand,20.29
TSM04C1,Exports of Cattle,198509,1985M09,-,State,Thousand,34.12
TSM04C1,Exports of Cattle,198510,1985M10,-,State,Thousand,28.34
TSM04C1,Exports of Cattle,198511,1985M11,-,State,Thousand,40.93
TSM04C1,Exports of Cattle,198512,1985M12,-,State,Thousand,8.09
TSM04C1,Exports of Cattle,198601,1986M01,-,State,Thousand,3.38
TSM04C1,Exports of Cattle,198602,1986M02,-,State,Thousand,20.89
TSM04C1,Exports of Cattle,198603,1986M03,-,State,Thousand,22.42
TSM04C1,Exports of Cattle,198604,1986M04,-,State,Thousand,16.52
TSM04C1,Exports of Cattle,198605,1986M05,-,State,Thousand,16.82
TSM04C1,Exports of Cattle,198606,1986M06,-,State,Thousand,16.71
TSM04C1,Exports of Cattle,198607,1986M07,-,State,Thousand,19.46
TSM04C1,Exports of Cattle,198608,1986M08,-,State,Thousand,19.55
TSM04C1,Exports of Cattle,198609,1986M09,-,State,Thousand,14.33
TSM04C1,Exports of Cattle,198610,1986M10,-,State,Thousand,43.63
TSM04C1,Exports of Cattle,198611,1986M11,-,State,Thousand,77.38
TSM04C1,Exports of Cattle,198612,1986M12,-,State,Thousand,51.14
TSM04C1,Exports of Cattle,198701,1987M01,-,State,Thousand,7.2
TSM04C1,Exports of Cattle,198702,1987M02,-,State,Thousand,13.8
TSM04C1,Exports of Cattle,198703,1987M03,-,State,Thousand,17.77
TSM04C1,Exports of Cattle,198704,1987M04,-,State,Thousand,12.59
TSM04C1,Exports of Cattle,198705,1987M05,-,State,Thousand,18.38
TSM04C1,Exports of Cattle,198706,1987M06,-,State,Thousand,20.18
TSM04C1,Exports of Cattle,198707,1987M07,-,State,Thousand,15.45
TSM04C1,Exports of Cattle,198708,1987M08,-,State,Thousand,20.04
TSM04C1,Exports of Cattle,198709,1987M09,-,State,Thousand,23.24
TSM04C1,Exports of Cattle,198710,1987M10,-,State,Thousand,31.65
TSM04C1,Exports of Cattle,198711,1987M11,-,State,Thousand,30.94
TSM04C1,Exports of Cattle,198712,1987M12,-,State,Thousand,25.2
TSM04C1,Exports of Cattle,198801,1988M01,-,State,Thousand,8.81
TSM04C1,Exports of Cattle,198802,1988M02,-,State,Thousand,16.11
TSM04C1,Exports of Cattle,198803,1988M03,-,State,Thousand,24.33
TSM04C1,Exports of Cattle,198804,1988M04,-,State,Thousand,20.1
TSM04C1,Exports of Cattle,198805,1988M05,-,State,Thousand,17.19
TSM04C1,Exports of Cattle,198806,1988M06,-,State,Thousand,13.53
TSM04C1,Exports of Cattle,198807,1988M07,-,State,Thousand,19.52
TSM04C1,Exports of Cattle,198808,1988M08,-,State,Thousand,26.57
TSM04C1,Exports of Cattle,198809,1988M09,-,State,Thousand,21.04
TSM04C1,Exports of Cattle,198810,1988M10,-,State,Thousand,27.59
TSM04C1,Exports of Cattle,198811,1988M11,-,State,Thousand,29.25
TSM04C1,Exports of Cattle,198812,1988M12,-,State,Thousand,11.56
TSM04C1,Exports of Cattle,198901,1989M01,-,State,Thousand,4.65
TSM04C1,Exports of Cattle,198902,1989M02,-,State,Thousand,13.23
TSM04C1,Exports of Cattle,198903,1989M03,-,State,Thousand,17.27
TSM04C1,Exports of Cattle,198904,1989M04,-,State,Thousand,23.77
TSM04C1,Exports of Cattle,198905,1989M05,-,State,Thousand,13.25
TSM04C1,Exports of Cattle,198906,1989M06,-,State,Thousand,8.66
TSM04C1,Exports of Cattle,198907,1989M07,-,State,Thousand,7.27
TSM04C1,Exports of Cattle,198908,1989M08,-,State,Thousand,9.86
TSM04C1,Exports of Cattle,198909,1989M09,-,State,Thousand,11.79
TSM04C1,Exports of Cattle,198910,1989M10,-,State,Thousand,15.89
TSM04C1,Exports of Cattle,198911,1989M11,-,State,Thousand,32.12
TSM04C1,Exports of Cattle,198912,1989M12,-,State,Thousand,12.54
TSM04C1,Exports of Cattle,199001,1990M01,-,State,Thousand,16.15
TSM04C1,Exports of Cattle,199002,1990M02,-,State,Thousand,23.18
TSM04C1,Exports of Cattle,199003,1990M03,-,State,Thousand,33.37
TSM04C1,Exports of Cattle,199004,1990M04,-,State,Thousand,24.71
TSM04C1,Exports of Cattle,199005,1990M05,-,State,Thousand,19.8
TSM04C1,Exports of Cattle,199006,1990M06,-,State,Thousand,3.68
TSM04C1,Exports of Cattle,199007,1990M07,-,State,Thousand,2.4
TSM04C1,Exports of Cattle,199008,1990M08,-,State,Thousand,2.66
TSM04C1,Exports of Cattle,199009,1990M09,-,State,Thousand,6.67
TSM04C1,Exports of Cattle,199010,1990M10,-,State,Thousand,19.9
TSM04C1,Exports of Cattle,199011,1990M11,-,State,Thousand,22.92
TSM04C1,Exports of Cattle,199012,1990M12,-,State,Thousand,9.43
TSM04C1,Exports of Cattle,199101,1991M01,-,State,Thousand,7.65
TSM04C1,Exports of Cattle,199102,1991M02,-,State,Thousand,7.91
TSM04C1,Exports of Cattle,199103,1991M03,-,State,Thousand,14.48
TSM04C1,Exports of Cattle,199104,1991M04,-,State,Thousand,10.41
TSM04C1,Exports of Cattle,199105,1991M05,-,State,Thousand,10.42
TSM04C1,Exports of Cattle,199106,1991M06,-,State,Thousand,11.3
TSM04C1,Exports of Cattle,199107,1991M07,-,State,Thousand,11.56
TSM04C1,Exports of Cattle,199108,1991M08,-,State,Thousand,8.48
TSM04C1,Exports of Cattle,199109,1991M09,-,State,Thousand,11.32
TSM04C1,Exports of Cattle,199110,1991M10,-,State,Thousand,17.83
TSM04C1,Exports of Cattle,199111,1991M11,-,State,Thousand,18.32
TSM04C1,Exports of Cattle,199112,1991M12,-,State,Thousand,8.36
TSM04C1,Exports of Cattle,199201,1992M01,-,State,Thousand,7.63
TSM04C1,Exports of Cattle,199202,1992M02,-,State,Thousand,11.38
TSM04C1,Exports of Cattle,199203,1992M03,-,State,Thousand,17.85
TSM04C1,Exports of Cattle,199204,1992M04,-,State,Thousand,21.13
TSM04C1,Exports of Cattle,199205,1992M05,-,State,Thousand,20.43
TSM04C1,Exports of Cattle,199206,1992M06,-,State,Thousand,13.32
TSM04C1,Exports of Cattle,199207,1992M07,-,State,Thousand,7.59
TSM04C1,Exports of Cattle,199208,1992M08,-,State,Thousand,8.15
TSM04C1,Exports of Cattle,199209,1992M09,-,State,Thousand,14.61
TSM04C1,Exports of Cattle,199210,1992M10,-,State,Thousand,20.02
TSM04C1,Exports of Cattle,199211,1992M11,-,State,Thousand,26.87
TSM04C1,Exports of Cattle,199212,1992M12,-,State,Thousand,17.48
TSM04C1,Exports of Cattle,199301,1993M01,-,State,Thousand,14.66
TSM04C1,Exports of Cattle,199302,1993M02,-,State,Thousand,28.55
TSM04C1,Exports of Cattle,199303,1993M03,-,State,Thousand,31.49
TSM04C1,Exports of Cattle,199304,1993M04,-,State,Thousand,41.91
TSM04C1,Exports of Cattle,199305,1993M05,-,State,Thousand,23.53
TSM04C1,Exports of Cattle,199306,1993M06,-,State,Thousand,26.82
TSM04C1,Exports of Cattle,199307,1993M07,-,State,Thousand,28.74
TSM04C1,Exports of Cattle,199308,1993M08,-,State,Thousand,20.38
TSM04C1,Exports of Cattle,199309,1993M09,-,State,Thousand,39.12
TSM04C1,Exports of Cattle,199310,1993M10,-,State,Thousand,44.44
TSM04C1,Exports of Cattle,199311,1993M11,-,State,Thousand,39.83
TSM04C1,Exports of Cattle,199312,1993M12,-,State,Thousand,26.57
TSM04C1,Exports of Cattle,199401,1994M01,-,State,Thousand,21.82
TSM04C1,Exports of Cattle,199402,1994M02,-,State,Thousand,29.61
TSM04C1,Exports of Cattle,199403,1994M03,-,State,Thousand,35.86
TSM04C1,Exports of Cattle,199404,1994M04,-,State,Thousand,37.48
TSM04C1,Exports of Cattle,199405,1994M05,-,State,Thousand,34.84
TSM04C1,Exports of Cattle,199406,1994M06,-,State,Thousand,26.53
TSM04C1,Exports of Cattle,199407,1994M07,-,State,Thousand,25.12
TSM04C1,Exports of Cattle,199408,1994M08,-,State,Thousand,29.51
TSM04C1,Exports of Cattle,199409,1994M09,-,State,Thousand,42.87
TSM04C1,Exports of Cattle,199410,1994M10,-,State,Thousand,39.13
TSM04C1,Exports of Cattle,199411,1994M11,-,State,Thousand,44.92
TSM04C1,Exports of Cattle,199412,1994M12,-,State,Thousand,28.46
TSM04C1,Exports of Cattle,199501,1995M01,-,State,Thousand,31.49
TSM04C1,Exports of Cattle,199502,1995M02,-,State,Thousand,23.12
TSM04C1,Exports of Cattle,199503,1995M03,-,State,Thousand,38.1
TSM04C1,Exports of Cattle,199504,1995M04,-,State,Thousand,38.05
TSM04C1,Exports of Cattle,199505,1995M05,-,State,Thousand,23.93
TSM04C1,Exports of Cattle,199506,1995M06,-,State,Thousand,27.12
TSM04C1,Exports of Cattle,199507,1995M07,-,State,Thousand,27.91
TSM04C1,Exports of Cattle,199508,1995M08,-,State,Thousand,32.73
TSM04C1,Exports of Cattle,199509,1995M09,-,State,Thousand,33.51
TSM04C1,Exports of Cattle,199510,1995M10,-,State,Thousand,33.47
TSM04C1,Exports of Cattle,199511,1995M11,-,State,Thousand,27.99
TSM04C1,Exports of Cattle,199512,1995M12,-,State,Thousand,28.22
TSM04C1,Exports of Cattle,199601,1996M01,-,State,Thousand,19.03
TSM04C1,Exports of Cattle,199602,1996M02,-,State,Thousand,21.89
TSM04C1,Exports of Cattle,199603,1996M03,-,State,Thousand,16.82
TSM04C1,Exports of Cattle,199604,1996M04,-,State,Thousand,10.05
TSM04C1,Exports of Cattle,199605,1996M05,-,State,Thousand,13.62
TSM04C1,Exports of Cattle,199606,1996M06,-,State,Thousand,10.01
TSM04C1,Exports of Cattle,199607,1996M07,-,State,Thousand,11.09
TSM04C1,Exports of Cattle,199608,1996M08,-,State,Thousand,12.51
TSM04C1,Exports of Cattle,199609,1996M09,-,State,Thousand,19.42
TSM04C1,Exports of Cattle,199610,1996M10,-,State,Thousand,13.81
TSM04C1,Exports of Cattle,199611,1996M11,-,State,Thousand,18.8
TSM04C1,Exports of Cattle,199612,1996M12,-,State,Thousand,21.5
TSM04C1,Exports of Cattle,199701,1997M01,-,State,Thousand,2.89
TSM04C1,Exports of Cattle,199702,1997M02,-,State,Thousand,1.59
TSM04C1,Exports of Cattle,199703,1997M03,-,State,Thousand,1.49
TSM04C1,Exports of Cattle,199704,1997M04,-,State,Thousand,1.5
TSM04C1,Exports of Cattle,199705,1997M05,-,State,Thousand,1.9
TSM04C1,Exports of Cattle,199706,1997M06,-,State,Thousand,1.67
TSM04C1,Exports of Cattle,199707,1997M07,-,State,Thousand,0.97
TSM04C1,Exports of Cattle,199708,1997M08,-,State,Thousand,1.7
TSM04C1,Exports of Cattle,199709,1997M09,-,State,Thousand,4
TSM04C1,Exports of Cattle,199710,1997M10,-,State,Thousand,7.11
TSM04C1,Exports of Cattle,199711,1997M11,-,State,Thousand,8.65
TSM04C1,Exports of Cattle,199712,1997M12,-,State,Thousand,6.54
TSM04C1,Exports of Cattle,199801,1998M01,-,State,Thousand,4.07
TSM04C1,Exports of Cattle,199802,1998M02,-,State,Thousand,10.8
TSM04C1,Exports of Cattle,199803,1998M03,-,State,Thousand,14.61
TSM04C1,Exports of Cattle,199804,1998M04,-,State,Thousand,8.42
TSM04C1,Exports of Cattle,199805,1998M05,-,State,Thousand,10.34
TSM04C1,Exports of Cattle,199806,1998M06,-,State,Thousand,9.32
TSM04C1,Exports of Cattle,199807,1998M07,-,State,Thousand,8.36
TSM04C1,Exports of Cattle,199808,1998M08,-,State,Thousand,10.84
TSM04C1,Exports of Cattle,199809,1998M09,-,State,Thousand,14.53
TSM04C1,Exports of Cattle,199810,1998M10,-,State,Thousand,13.61
TSM04C1,Exports of Cattle,199811,1998M11,-,State,Thousand,15.71
TSM04C1,Exports of Cattle,199812,1998M12,-,State,Thousand,17.56
TSM04C1,Exports of Cattle,199901,1999M01,-,State,Thousand,11.77
TSM04C1,Exports of Cattle,199902,1999M02,-,State,Thousand,24.25
TSM04C1,Exports of Cattle,199903,1999M03,-,State,Thousand,32.6
TSM04C1,Exports of Cattle,199904,1999M04,-,State,Thousand,27.88
TSM04C1,Exports of Cattle,199905,1999M05,-,State,Thousand,29.68
TSM04C1,Exports of Cattle,199906,1999M06,-,State,Thousand,30.93
TSM04C1,Exports of Cattle,199907,1999M07,-,State,Thousand,21.37
TSM04C1,Exports of Cattle,199908,1999M08,-,State,Thousand,28.61
TSM04C1,Exports of Cattle,199909,1999M09,-,State,Thousand,36.96
TSM04C1,Exports of Cattle,199910,1999M10,-,State,Thousand,45.45
TSM04C1,Exports of Cattle,199911,1999M11,-,State,Thousand,36.25
TSM04C1,Exports of Cattle,199912,1999M12,-,State,Thousand,22.33
TSM04C1,Exports of Cattle,200001,2000M01,-,State,Thousand,24.4
TSM04C1,Exports of Cattle,200002,2000M02,-,State,Thousand,33.9
TSM04C1,Exports of Cattle,200003,2000M03,-,State,Thousand,43.3
TSM04C1,Exports of Cattle,200004,2000M04,-,State,Thousand,39.9
TSM04C1,Exports of Cattle,200005,2000M05,-,State,Thousand,39.8
TSM04C1,Exports of Cattle,200006,2000M06,-,State,Thousand,26.2
TSM04C1,Exports of Cattle,200007,2000M07,-,State,Thousand,20.8
TSM04C1,Exports of Cattle,200008,2000M08,-,State,Thousand,27.5
TSM04C1,Exports of Cattle,200009,2000M09,-,State,Thousand,29.3
TSM04C1,Exports of Cattle,200010,2000M10,-,State,Thousand,24.4
TSM04C1,Exports of Cattle,200011,2000M11,-,State,Thousand,17.1
TSM04C1,Exports of Cattle,200012,2000M12,-,State,Thousand,4.6
TSM04C1,Exports of Cattle,200101,2001M01,-,State,Thousand,2.4
TSM04C1,Exports of Cattle,200102,2001M02,-,State,Thousand,3.7
TSM04C1,Exports of Cattle,200103,2001M03,-,State,Thousand,0
TSM04C1,Exports of Cattle,200104,2001M04,-,State,Thousand,4.7
TSM04C1,Exports of Cattle,200105,2001M05,-,State,Thousand,0.1
TSM04C1,Exports of Cattle,200106,2001M06,-,State,Thousand,1.7
TSM04C1,Exports of Cattle,200107,2001M07,-,State,Thousand,7.3
TSM04C1,Exports of Cattle,200108,2001M08,-,State,Thousand,11.2
TSM04C1,Exports of Cattle,200109,2001M09,-,State,Thousand,7.6
TSM04C1,Exports of Cattle,200110,2001M10,-,State,Thousand,6.7
TSM04C1,Exports of Cattle,200111,2001M11,-,State,Thousand,11.3
TSM04C1,Exports of Cattle,200112,2001M12,-,State,Thousand,13.3
TSM04C1,Exports of Cattle,200201,2002M01,-,State,Thousand,3.7
TSM04C1,Exports of Cattle,200202,2002M02,-,State,Thousand,3.9
TSM04C1,Exports of Cattle,200203,2002M03,-,State,Thousand,5.2
TSM04C1,Exports of Cattle,200204,2002M04,-,State,Thousand,5.3
TSM04C1,Exports of Cattle,200205,2002M05,-,State,Thousand,5.9
TSM04C1,Exports of Cattle,200206,2002M06,-,State,Thousand,5.7
TSM04C1,Exports of Cattle,200207,2002M07,-,State,Thousand,4.3
TSM04C1,Exports of Cattle,200208,2002M08,-,State,Thousand,7.7
TSM04C1,Exports of Cattle,200209,2002M09,-,State,Thousand,9.7
TSM04C1,Exports of Cattle,200210,2002M10,-,State,Thousand,10.4
TSM04C1,Exports of Cattle,200211,2002M11,-,State,Thousand,7.2
TSM04C1,Exports of Cattle,200212,2002M12,-,State,Thousand,9.5
TSM04C1,Exports of Cattle,200301,2003M01,-,State,Thousand,2.5
TSM04C1,Exports of Cattle,200302,2003M02,-,State,Thousand,6.6
TSM04C1,Exports of Cattle,200303,2003M03,-,State,Thousand,11.1
TSM04C1,Exports of Cattle,200304,2003M04,-,State,Thousand,13
TSM04C1,Exports of Cattle,200305,2003M05,-,State,Thousand,9
TSM04C1,Exports of Cattle,200306,2003M06,-,State,Thousand,10.1
TSM04C1,Exports of Cattle,200307,2003M07,-,State,Thousand,7
TSM04C1,Exports of Cattle,200308,2003M08,-,State,Thousand,8
TSM04C1,Exports of Cattle,200309,2003M09,-,State,Thousand,9.8
TSM04C1,Exports of Cattle,200310,2003M10,-,State,Thousand,12.9
TSM04C1,Exports of Cattle,200311,2003M11,-,State,Thousand,12.5
TSM04C1,Exports of Cattle,200312,2003M12,-,State,Thousand,12.3
TSM04C1,Exports of Cattle,200401,2004M01,-,State,Thousand,2.7
TSM04C1,Exports of Cattle,200402,2004M02,-,State,Thousand,5.1
TSM04C1,Exports of Cattle,200403,2004M03,-,State,Thousand,6.5
TSM04C1,Exports of Cattle,200404,2004M04,-,State,Thousand,6.7
TSM04C1,Exports of Cattle,200405,2004M05,-,State,Thousand,4.8
TSM04C1,Exports of Cattle,200406,2004M06,-,State,Thousand,4.2
TSM04C1,Exports of Cattle,200407,2004M07,-,State,Thousand,1.3
TSM04C1,Exports of Cattle,200408,2004M08,-,State,Thousand,5.5
TSM04C1,Exports of Cattle,200409,2004M09,-,State,Thousand,6.6
TSM04C1,Exports of Cattle,200410,2004M10,-,State,Thousand,7.6
TSM04C1,Exports of Cattle,200411,2004M11,-,State,Thousand,10.7
TSM04C1,Exports of Cattle,200412,2004M12,-,State,Thousand,8.7
TSM04C1,Exports of Cattle,200501,2005M01,-,State,Thousand,1
TSM04C1,Exports of Cattle,200502,2005M02,-,State,Thousand,7.4
TSM04C1,Exports of Cattle,200503,2005M03,-,State,Thousand,14.4
TSM04C1,Exports of Cattle,200504,2005M04,-,State,Thousand,9.6
TSM04C1,Exports of Cattle,200505,2005M05,-,State,Thousand,12.4
TSM04C1,Exports of Cattle,200506,2005M06,-,State,Thousand,8.4
TSM04C1,Exports of Cattle,200507,2005M07,-,State,Thousand,5.7
TSM04C1,Exports of Cattle,200508,2005M08,-,State,Thousand,7.1
TSM04C1,Exports of Cattle,200509,2005M09,-,State,Thousand,11.4
TSM04C1,Exports of Cattle,200510,2005M10,-,State,Thousand,11.7
TSM04C1,Exports of Cattle,200511,2005M11,-,State,Thousand,10.8
TSM04C1,Exports of Cattle,200512,2005M12,-,State,Thousand,5.8
TSM04C1,Exports of Cattle,200601,2006M01,-,State,Thousand,4.9
TSM04C1,Exports of Cattle,200602,2006M02,-,State,Thousand,8.7
TSM04C1,Exports of Cattle,200603,2006M03,-,State,Thousand,16.9
TSM04C1,Exports of Cattle,200604,2006M04,-,State,Thousand,18
TSM04C1,Exports of Cattle,200605,2006M05,-,State,Thousand,16.3
TSM04C1,Exports of Cattle,200606,2006M06,-,State,Thousand,12.6
TSM04C1,Exports of Cattle,200607,2006M07,-,State,Thousand,7.9
TSM04C1,Exports of Cattle,200608,2006M08,-,State,Thousand,6.7
TSM04C1,Exports of Cattle,200609,2006M09,-,State,Thousand,11.8
TSM04C1,Exports of Cattle,200610,2006M10,-,State,Thousand,14.1
TSM04C1,Exports of Cattle,200611,2006M11,-,State,Thousand,11.7
TSM04C1,Exports of Cattle,200612,2006M12,-,State,Thousand,6.2
TSM04C1,Exports of Cattle,200701,2007M01,-,State,Thousand,5.9
TSM04C1,Exports of Cattle,200702,2007M02,-,State,Thousand,16.9
TSM04C1,Exports of Cattle,200703,2007M03,-,State,Thousand,26
TSM04C1,Exports of Cattle,200704,2007M04,-,State,Thousand,21.1
TSM04C1,Exports of Cattle,200705,2007M05,-,State,Thousand,19.4
TSM04C1,Exports of Cattle,200706,2007M06,-,State,Thousand,10.3
TSM04C1,Exports of Cattle,200707,2007M07,-,State,Thousand,8.6
TSM04C1,Exports of Cattle,200708,2007M08,-,State,Thousand,9.7
TSM04C1,Exports of Cattle,200709,2007M09,-,State,Thousand,16.8
TSM04C1,Exports of Cattle,200710,2007M10,-,State,Thousand,20.4
TSM04C1,Exports of Cattle,200711,2007M11,-,State,Thousand,16.6
TSM04C1,Exports of Cattle,200712,2007M12,-,State,Thousand,5.9
TSM04C1,Exports of Cattle,200801,2008M01,-,State,Thousand,3.9
TSM04C1,Exports of Cattle,200802,2008M02,-,State,Thousand,7.6
TSM04C1,Exports of Cattle,200803,2008M03,-,State,Thousand,17
TSM04C1,Exports of Cattle,200804,2008M04,-,State,Thousand,16.9
TSM04C1,Exports of Cattle,200805,2008M05,-,State,Thousand,14
TSM04C1,Exports of Cattle,200806,2008M06,-,State,Thousand,9.7
TSM04C1,Exports of Cattle,200807,2008M07,-,State,Thousand,7.4
TSM04C1,Exports of Cattle,200808,2008M08,-,State,Thousand,8.7
TSM04C1,Exports of Cattle,200809,2008M09,-,State,Thousand,16
TSM04C1,Exports of Cattle,200810,2008M10,-,State,Thousand,16.7
TSM04C1,Exports of Cattle,200811,2008M11,-,State,Thousand,10.3
TSM04C1,Exports of Cattle,200812,2008M12,-,State,Thousand,5
TSM04C1,Exports of Cattle,200901,2009M01,-,State,Thousand,3.6
TSM04C1,Exports of Cattle,200902,2009M02,-,State,Thousand,11.7
TSM04C1,Exports of Cattle,200903,2009M03,-,State,Thousand,23.2
TSM04C1,Exports of Cattle,200904,2009M04,-,State,Thousand,17.5
TSM04C1,Exports of Cattle,200905,2009M05,-,State,Thousand,31.5
TSM04C1,Exports of Cattle,200906,2009M06,-,State,Thousand,16.4
TSM04C1,Exports of Cattle,200907,2009M07,-,State,Thousand,14
TSM04C1,Exports of Cattle,200908,2009M08,-,State,Thousand,19.1
TSM04C1,Exports of Cattle,200909,2009M09,-,State,Thousand,13.4
TSM04C1,Exports of Cattle,200910,2009M10,-,State,Thousand,17
TSM04C1,Exports of Cattle,200911,2009M11,-,State,Thousand,12.8
TSM04C1,Exports of Cattle,200912,2009M12,-,State,Thousand,11.5
TSM04C1,Exports of Cattle,201001,2010M01,-,State,Thousand,8.8
TSM04C1,Exports of Cattle,201002,2010M02,-,State,Thousand,32
TSM04C1,Exports of Cattle,201003,2010M03,-,State,Thousand,50
TSM04C1,Exports of Cattle,201004,2010M04,-,State,Thousand,43.8
TSM04C1,Exports of Cattle,201005,2010M05,-,State,Thousand,31.2
TSM04C1,Exports of Cattle,201006,2010M06,-,State,Thousand,21.5
TSM04C1,Exports of Cattle,201007,2010M07,-,State,Thousand,15.2
TSM04C1,Exports of Cattle,201008,2010M08,-,State,Thousand,15
TSM04C1,Exports of Cattle,201009,2010M09,-,State,Thousand,15.6
TSM04C1,Exports of Cattle,201010,2010M10,-,State,Thousand,15.1
TSM04C1,Exports of Cattle,201011,2010M11,-,State,Thousand,15.3
TSM04C1,Exports of Cattle,201012,2010M12,-,State,Thousand,10
TSM04C1,Exports of Cattle,201101,2011M01,-,State,Thousand,10
TSM04C1,Exports of Cattle,201102,2011M02,-,State,Thousand,19
TSM04C1,Exports of Cattle,201103,2011M03,-,State,Thousand,39.3
TSM04C1,Exports of Cattle,201104,2011M04,-,State,Thousand,27.5
TSM04C1,Exports of Cattle,201105,2011M05,-,State,Thousand,18.8
TSM04C1,Exports of Cattle,201106,2011M06,-,State,Thousand,12.8
TSM04C1,Exports of Cattle,201107,2011M07,-,State,Thousand,8.6
TSM04C1,Exports of Cattle,201108,2011M08,-,State,Thousand,9.7
TSM04C1,Exports of Cattle,201109,2011M09,-,State,Thousand,11.2
TSM04C1,Exports of Cattle,201110,2011M10,-,State,Thousand,13.1
TSM04C1,Exports of Cattle,201111,2011M11,-,State,Thousand,12.6
TSM04C1,Exports of Cattle,201112,2011M12,-,State,Thousand,9.7
TSM04C1,Exports of Cattle,201201,2012M01,-,State,Thousand,4.4
TSM04C1,Exports of Cattle,201202,2012M02,-,State,Thousand,9.1
TSM04C1,Exports of Cattle,201203,2012M03,-,State,Thousand,16.1
TSM04C1,Exports of Cattle,201204,2012M04,-,State,Thousand,12.1
TSM04C1,Exports of Cattle,201205,2012M05,-,State,Thousand,13
TSM04C1,Exports of Cattle,201206,2012M06,-,State,Thousand,10.9
TSM04C1,Exports of Cattle,201207,2012M07,-,State,Thousand,8.6
TSM04C1,Exports of Cattle,201208,2012M08,-,State,Thousand,10
TSM04C1,Exports of Cattle,201209,2012M09,-,State,Thousand,12.9
TSM04C1,Exports of Cattle,201210,2012M10,-,State,Thousand,14.9
TSM04C1,Exports of Cattle,201211,2012M11,-,State,Thousand,12
TSM04C1,Exports of Cattle,201212,2012M12,-,State,Thousand,7.7
TSM04C1,Exports of Cattle,201301,2013M01,-,State,Thousand,6.9
TSM04C1,Exports of Cattle,201302,2013M02,-,State,Thousand,17.9
TSM04C1,Exports of Cattle,201303,2013M03,-,State,Thousand,34.8
TSM04C1,Exports of Cattle,201304,2013M04,-,State,Thousand,32.3
TSM04C1,Exports of Cattle,201305,2013M05,-,State,Thousand,19.3
TSM04C1,Exports of Cattle,201306,2013M06,-,State,Thousand,13
TSM04C1,Exports of Cattle,201307,2013M07,-,State,Thousand,13
TSM04C1,Exports of Cattle,201308,2013M08,-,State,Thousand,7.7
TSM04C1,Exports of Cattle,201309,2013M09,-,State,Thousand,14.8
TSM04C1,Exports of Cattle,201310,2013M10,-,State,Thousand,8.3
TSM04C1,Exports of Cattle,201311,2013M11,-,State,Thousand,7.9
TSM04C1,Exports of Cattle,201312,2013M12,-,State,Thousand,4.9
TSM04C1,Exports of Cattle,201401,2014M01,-,State,Thousand,2.5
TSM04C1,Exports of Cattle,201402,2014M02,-,State,Thousand,14.7
TSM04C1,Exports of Cattle,201403,2014M03,-,State,Thousand,50.4
TSM04C1,Exports of Cattle,201404,2014M04,-,State,Thousand,35.9
TSM04C1,Exports of Cattle,201405,2014M05,-,State,Thousand,24.3
TSM04C1,Exports of Cattle,201406,2014M06,-,State,Thousand,12.1
TSM04C1,Exports of Cattle,201407,2014M07,-,State,Thousand,12.4
TSM04C1,Exports of Cattle,201408,2014M08,-,State,Thousand,10.8
TSM04C1,Exports of Cattle,201409,2014M09,-,State,Thousand,12.8
TSM04C1,Exports of Cattle,201410,2014M10,-,State,Thousand,9.3
TSM04C1,Exports of Cattle,201411,2014M11,-,State,Thousand,11.4
TSM04C1,Exports of Cattle,201412,2014M12,-,State,Thousand,10.6
TSM04C1,Exports of Cattle,201501,2015M01,-,State,Thousand,3.3
TSM04C1,Exports of Cattle,201502,2015M02,-,State,Thousand,14
TSM04C1,Exports of Cattle,201503,2015M03,-,State,Thousand,39.5
TSM04C1,Exports of Cattle,201504,2015M04,-,State,Thousand,26.1
TSM04C1,Exports of Cattle,201505,2015M05,-,State,Thousand,16.9
TSM04C1,Exports of Cattle,201506,2015M06,-,State,Thousand,10
TSM04C1,Exports of Cattle,201507,2015M07,-,State,Thousand,6
TSM04C1,Exports of Cattle,201508,2015M08,-,State,Thousand,4.3
TSM04C1,Exports of Cattle,201509,2015M09,-,State,Thousand,7.9
TSM04C1,Exports of Cattle,201510,2015M10,-,State,Thousand,10.5
TSM04C1,Exports of Cattle,201511,2015M11,-,State,Thousand,5.9
TSM04C1,Exports of Cattle,201512,2015M12,-,State,Thousand,4.7
TSM04C1,Exports of Cattle,201601,2016M01,-,State,Thousand,2.96
TSM04C1,Exports of Cattle,201602,2016M02,-,State,Thousand,11.25
TSM04C1,Exports of Cattle,201603,2016M03,-,State,Thousand,26.16
TSM04C1,Exports of Cattle,201604,2016M04,-,State,Thousand,18.18
TSM04C1,Exports of Cattle,201605,2016M05,-,State,Thousand,13.81
TSM04C1,Exports of Cattle,201606,2016M06,-,State,Thousand,9.03
TSM04C1,Exports of Cattle,201607,2016M07,-,State,Thousand,5.58
TSM04C1,Exports of Cattle,201608,2016M08,-,State,Thousand,4.22
TSM04C1,Exports of Cattle,201609,2016M09,-,State,Thousand,7.61
TSM04C1,Exports of Cattle,201610,2016M10,-,State,Thousand,7.15
TSM04C1,Exports of Cattle,201611,2016M11,-,State,Thousand,11.95
TSM04C1,Exports of Cattle,201612,2016M12,-,State,Thousand,6.49
TSM04C1,Exports of Cattle,201701,2017M01,-,State,Thousand,3.23
TSM04C1,Exports of Cattle,201702,2017M02,-,State,Thousand,13.96
TSM04C1,Exports of Cattle,201703,2017M03,-,State,Thousand,34.81
TSM04C1,Exports of Cattle,201704,2017M04,-,State,Thousand,22.96
TSM04C1,Exports of Cattle,201705,2017M05,-,State,Thousand,19.7
TSM04C1,Exports of Cattle,201706,2017M06,-,State,Thousand,9.65
TSM04C1,Exports of Cattle,201707,2017M07,-,State,Thousand,11.12
TSM04C1,Exports of Cattle,201708,2017M08,-,State,Thousand,5.96
TSM04C1,Exports of Cattle,201709,2017M09,-,State,Thousand,4.18
TSM04C1,Exports of Cattle,201710,2017M10,-,State,Thousand,7.68
TSM04C1,Exports of Cattle,201711,2017M11,-,State,Thousand,6.91
TSM04C1,Exports of Cattle,201712,2017M12,-,State,Thousand,10.14
TSM04C1,Exports of Cattle,201801,2018M01,-,State,Thousand,5.55
TSM04C1,Exports of Cattle,201802,2018M02,-,State,Thousand,13.81
TSM04C1,Exports of Cattle,201803,2018M03,-,State,Thousand,34.63
TSM04C1,Exports of Cattle,201804,2018M04,-,State,Thousand,30.55
TSM04C1,Exports of Cattle,201805,2018M05,-,State,Thousand,31.07
TSM04C1,Exports of Cattle,201806,2018M06,-,State,Thousand,15.67
TSM04C1,Exports of Cattle,201807,2018M07,-,State,Thousand,9.59
TSM04C1,Exports of Cattle,201808,2018M08,-,State,Thousand,7.91
TSM04C1,Exports of Cattle,201809,2018M09,-,State,Thousand,10.56
TSM04C1,Exports of Cattle,201810,2018M10,-,State,Thousand,12.18
TSM04C1,Exports of Cattle,201811,2018M11,-,State,Thousand,10.79
TSM04C1,Exports of Cattle,201812,2018M12,-,State,Thousand,9.68
TSM04C1,Exports of Cattle,201901,2019M01,-,State,Thousand,8.72
TSM04C1,Exports of Cattle,201902,2019M02,-,State,Thousand,21.33
TSM04C1,Exports of Cattle,201903,2019M03,-,State,Thousand,45.79
TSM04C1,Exports of Cattle,201904,2019M04,-,State,Thousand,42.97
TSM04C1,Exports of Cattle,201905,2019M05,-,State,Thousand,31.85
TSM04C1,Exports of Cattle,201906,2019M06,-,State,Thousand,15.7
TSM04C1,Exports of Cattle,201907,2019M07,-,State,Thousand,11.42
TSM04C1,Exports of Cattle,201908,2019M08,-,State,Thousand,7.22
TSM04C1,Exports of Cattle,201909,2019M09,-,State,Thousand,16.74
TSM04C1,Exports of Cattle,201910,2019M10,-,State,Thousand,14.86
TSM04C1,Exports of Cattle,201911,2019M11,-,State,Thousand,14.55
TSM04C1,Exports of Cattle,201912,2019M12,-,State,Thousand,14.69
TSM04C1,Exports of Cattle,202001,2020M01,-,State,Thousand,29.32
TSM04C1,Exports of Cattle,202002,2020M02,-,State,Thousand,21.15
TSM04C1,Exports of Cattle,202003,2020M03,-,State,Thousand,56.93
TSM04C1,Exports of Cattle,202004,2020M04,-,State,Thousand,26.73
TSM04C1,Exports of Cattle,202005,2020M05,-,State,Thousand,18.58
TSM04C1,Exports of Cattle,202006,2020M06,-,State,Thousand,81.95
TSM04C1,Exports of Cattle,202007,2020M07,-,State,Thousand,11.58
TSM04C1,Exports of Cattle,202008,2020M08,-,State,Thousand,10.59
TSM04C1,Exports of Cattle,202009,2020M09,-,State,Thousand,11.58
TSM04C1,Exports of Cattle,202010,2020M10,-,State,Thousand,11.33
TSM04C1,Exports of Cattle,202011,2020M11,-,State,Thousand,13.64
TSM04C1,Exports of Cattle,202012,2020M12,-,State,Thousand,15.17
TSM04C1,Exports of Cattle,202101,2021M01,-,State,Thousand,7.95
TSM04C1,Exports of Cattle,202102,2021M02,-,State,Thousand,13.24
TSM04C1,Exports of Cattle,202103,2021M03,-,State,Thousand,45.58
TSM04C1,Exports of Cattle,202104,2021M04,-,State,Thousand,36.92
TSM04C1,Exports of Cattle,202105,2021M05,-,State,Thousand,26.1
TSM04C1,Exports of Cattle,202106,2021M06,-,State,Thousand,20.17
TSM04C1,Exports of Cattle,202107,2021M07,-,State,Thousand,11.57
TSM04C1,Exports of Cattle,202108,2021M08,-,State,Thousand,14.69
TSM04C1,Exports of Cattle,202109,2021M09,-,State,Thousand,13.57
TSM04C1,Exports of Cattle,202110,2021M10,-,State,Thousand,14.72
TSM04C1,Exports of Cattle,202111,2021M11,-,State,Thousand,16.74
TSM04C1,Exports of Cattle,202112,2021M12,-,State,Thousand,14.35
TSM04C1,Exports of Cattle,202201,2022M01,-,State,Thousand,9.69
TSM04C1,Exports of Cattle,202202,2022M02,-,State,Thousand,23.71
TSM04C2,Exports of Beef,197001,1970M01,-,State,000 Tonnes,16.8
TSM04C2,Exports of Beef,197002,1970M02,-,State,000 Tonnes,12.5
TSM04C2,Exports of Beef,197003,1970M03,-,State,000 Tonnes,8.9
TSM04C2,Exports of Beef,197004,1970M04,-,State,000 Tonnes,7.5
TSM04C2,Exports of Beef,197005,1970M05,-,State,000 Tonnes,7.2
TSM04C2,Exports of Beef,197006,1970M06,-,State,000 Tonnes,7
TSM04C2,Exports of Beef,197007,1970M07,-,State,000 Tonnes,9.1
TSM04C2,Exports of Beef,197008,1970M08,-,State,000 Tonnes,10.2
TSM04C2,Exports of Beef,197009,1970M09,-,State,000 Tonnes,12.5
TSM04C2,Exports of Beef,197010,1970M10,-,State,000 Tonnes,14.7
TSM04C2,Exports of Beef,197011,1970M11,-,State,000 Tonnes,19.5
TSM04C2,Exports of Beef,197012,1970M12,-,State,000 Tonnes,14.6
TSM04C2,Exports of Beef,197101,1971M01,-,State,000 Tonnes,21.4
TSM04C2,Exports of Beef,197102,1971M02,-,State,000 Tonnes,14.5
TSM04C2,Exports of Beef,197103,1971M03,-,State,000 Tonnes,11
TSM04C2,Exports of Beef,197104,1971M04,-,State,000 Tonnes,7.5
TSM04C2,Exports of Beef,197105,1971M05,-,State,000 Tonnes,8.1
TSM04C2,Exports of Beef,197106,1971M06,-,State,000 Tonnes,7.9
TSM04C2,Exports of Beef,197107,1971M07,-,State,000 Tonnes,11.3
TSM04C2,Exports of Beef,197108,1971M08,-,State,000 Tonnes,10.2
TSM04C2,Exports of Beef,197109,1971M09,-,State,000 Tonnes,12.3
TSM04C2,Exports of Beef,197110,1971M10,-,State,000 Tonnes,12
TSM04C2,Exports of Beef,197111,1971M11,-,State,000 Tonnes,14.9
TSM04C2,Exports of Beef,197112,1971M12,-,State,000 Tonnes,16.9
TSM04C2,Exports of Beef,197201,1972M01,-,State,000 Tonnes,9.1
TSM04C2,Exports of Beef,197202,1972M02,-,State,000 Tonnes,8.1
TSM04C2,Exports of Beef,197203,1972M03,-,State,000 Tonnes,9.7
TSM04C2,Exports of Beef,197204,1972M04,-,State,000 Tonnes,8.7
TSM04C2,Exports of Beef,197205,1972M05,-,State,000 Tonnes,10.6
TSM04C2,Exports of Beef,197206,1972M06,-,State,000 Tonnes,8.8
TSM04C2,Exports of Beef,197207,1972M07,-,State,000 Tonnes,10.1
TSM04C2,Exports of Beef,197208,1972M08,-,State,000 Tonnes,11.9
TSM04C2,Exports of Beef,197209,1972M09,-,State,000 Tonnes,12.2
TSM04C2,Exports of Beef,197210,1972M10,-,State,000 Tonnes,14.4
TSM04C2,Exports of Beef,197211,1972M11,-,State,000 Tonnes,15.4
TSM04C2,Exports of Beef,197212,1972M12,-,State,000 Tonnes,10.5
TSM04C2,Exports of Beef,197301,1973M01,-,State,000 Tonnes,8.8
TSM04C2,Exports of Beef,197302,1973M02,-,State,000 Tonnes,7.4
TSM04C2,Exports of Beef,197303,1973M03,-,State,000 Tonnes,9.1
TSM04C2,Exports of Beef,197304,1973M04,-,State,000 Tonnes,7.5
TSM04C2,Exports of Beef,197305,1973M05,-,State,000 Tonnes,8
TSM04C2,Exports of Beef,197306,1973M06,-,State,000 Tonnes,10
TSM04C2,Exports of Beef,197307,1973M07,-,State,000 Tonnes,13.3
TSM04C2,Exports of Beef,197308,1973M08,-,State,000 Tonnes,15.7
TSM04C2,Exports of Beef,197309,1973M09,-,State,000 Tonnes,12.5
TSM04C2,Exports of Beef,197310,1973M10,-,State,000 Tonnes,13.8
TSM04C2,Exports of Beef,197311,1973M11,-,State,000 Tonnes,13.5
TSM04C2,Exports of Beef,197312,1973M12,-,State,000 Tonnes,11.6
TSM04C2,Exports of Beef,197401,1974M01,-,State,000 Tonnes,13.4
TSM04C2,Exports of Beef,197402,1974M02,-,State,000 Tonnes,13.3
TSM04C2,Exports of Beef,197403,1974M03,-,State,000 Tonnes,9.9
TSM04C2,Exports of Beef,197404,1974M04,-,State,000 Tonnes,10.5
TSM04C2,Exports of Beef,197405,1974M05,-,State,000 Tonnes,12.6
TSM04C2,Exports of Beef,197406,1974M06,-,State,000 Tonnes,12.7
TSM04C2,Exports of Beef,197407,1974M07,-,State,000 Tonnes,12.7
TSM04C2,Exports of Beef,197408,1974M08,-,State,000 Tonnes,14.2
TSM04C2,Exports of Beef,197409,1974M09,-,State,000 Tonnes,16.1
TSM04C2,Exports of Beef,197410,1974M10,-,State,000 Tonnes,22.2
TSM04C2,Exports of Beef,197411,1974M11,-,State,000 Tonnes,26
TSM04C2,Exports of Beef,197412,1974M12,-,State,000 Tonnes,35.5
TSM04C2,Exports of Beef,197501,1975M01,-,State,000 Tonnes,26.1
TSM04C2,Exports of Beef,197502,1975M02,-,State,000 Tonnes,25.8
TSM04C2,Exports of Beef,197503,1975M03,-,State,000 Tonnes,14.3
TSM04C2,Exports of Beef,197504,1975M04,-,State,000 Tonnes,15.8
TSM04C2,Exports of Beef,197505,1975M05,-,State,000 Tonnes,17.5
TSM04C2,Exports of Beef,197506,1975M06,-,State,000 Tonnes,12.1
TSM04C2,Exports of Beef,197507,1975M07,-,State,000 Tonnes,21.8
TSM04C2,Exports of Beef,197508,1975M08,-,State,000 Tonnes,25.2
TSM04C2,Exports of Beef,197509,1975M09,-,State,000 Tonnes,25.8
TSM04C2,Exports of Beef,197510,1975M10,-,State,000 Tonnes,31.2
TSM04C2,Exports of Beef,197511,1975M11,-,State,000 Tonnes,32.1
TSM04C2,Exports of Beef,197512,1975M12,-,State,000 Tonnes,22.7
TSM04C2,Exports of Beef,197601,1976M01,-,State,000 Tonnes,13.7
TSM04C2,Exports of Beef,197602,1976M02,-,State,000 Tonnes,11.8
TSM04C2,Exports of Beef,197603,1976M03,-,State,000 Tonnes,12.5
TSM04C2,Exports of Beef,197604,1976M04,-,State,000 Tonnes,14.9
TSM04C2,Exports of Beef,197605,1976M05,-,State,000 Tonnes,15.4
TSM04C2,Exports of Beef,197606,1976M06,-,State,000 Tonnes,15.3
TSM04C2,Exports of Beef,197607,1976M07,-,State,000 Tonnes,11.2
TSM04C2,Exports of Beef,197608,1976M08,-,State,000 Tonnes,12.7
TSM04C2,Exports of Beef,197609,1976M09,-,State,000 Tonnes,18.2
TSM04C2,Exports of Beef,197610,1976M10,-,State,000 Tonnes,19.6
TSM04C2,Exports of Beef,197611,1976M11,-,State,000 Tonnes,21.1
TSM04C2,Exports of Beef,197612,1976M12,-,State,000 Tonnes,13.6
TSM04C2,Exports of Beef,197701,1977M01,-,State,000 Tonnes,13.6
TSM04C2,Exports of Beef,197702,1977M02,-,State,000 Tonnes,16.7
TSM04C2,Exports of Beef,197703,1977M03,-,State,000 Tonnes,13.1
TSM04C2,Exports of Beef,197704,1977M04,-,State,000 Tonnes,16.1
TSM04C2,Exports of Beef,197705,1977M05,-,State,000 Tonnes,15.8
TSM04C2,Exports of Beef,197706,1977M06,-,State,000 Tonnes,19.4
TSM04C2,Exports of Beef,197707,1977M07,-,State,000 Tonnes,23
TSM04C2,Exports of Beef,197708,1977M08,-,State,000 Tonnes,23
TSM04C2,Exports of Beef,197709,1977M09,-,State,000 Tonnes,29.7
TSM04C2,Exports of Beef,197710,1977M10,-,State,000 Tonnes,34.1
TSM04C2,Exports of Beef,197711,1977M11,-,State,000 Tonnes,31.9
TSM04C2,Exports of Beef,197712,1977M12,-,State,000 Tonnes,25.7
TSM04C2,Exports of Beef,197801,1978M01,-,State,000 Tonnes,27.6
TSM04C2,Exports of Beef,197802,1978M02,-,State,000 Tonnes,17.2
TSM04C2,Exports of Beef,197803,1978M03,-,State,000 Tonnes,18.7
TSM04C2,Exports of Beef,197804,1978M04,-,State,000 Tonnes,15.7
TSM04C2,Exports of Beef,197805,1978M05,-,State,000 Tonnes,17.6
TSM04C2,Exports of Beef,197806,1978M06,-,State,000 Tonnes,21.3
TSM04C2,Exports of Beef,197807,1978M07,-,State,000 Tonnes,22.1
TSM04C2,Exports of Beef,197808,1978M08,-,State,000 Tonnes,21
TSM04C2,Exports of Beef,197809,1978M09,-,State,000 Tonnes,26.2
TSM04C2,Exports of Beef,197810,1978M10,-,State,000 Tonnes,25
TSM04C2,Exports of Beef,197811,1978M11,-,State,000 Tonnes,27.2
TSM04C2,Exports of Beef,197812,1978M12,-,State,000 Tonnes,22
TSM04C2,Exports of Beef,197901,1979M01,-,State,000 Tonnes,20.5
TSM04C2,Exports of Beef,197902,1979M02,-,State,000 Tonnes,13.8
TSM04C2,Exports of Beef,197903,1979M03,-,State,000 Tonnes,10.8
TSM04C2,Exports of Beef,197904,1979M04,-,State,000 Tonnes,16.3
TSM04C2,Exports of Beef,197905,1979M05,-,State,000 Tonnes,13
TSM04C2,Exports of Beef,197906,1979M06,-,State,000 Tonnes,10.1
TSM04C2,Exports of Beef,197907,1979M07,-,State,000 Tonnes,26.6
TSM04C2,Exports of Beef,197908,1979M08,-,State,000 Tonnes,22
TSM04C2,Exports of Beef,197909,1979M09,-,State,000 Tonnes,22.2
TSM04C2,Exports of Beef,197910,1979M10,-,State,000 Tonnes,38.7
TSM04C2,Exports of Beef,197911,1979M11,-,State,000 Tonnes,38.2
TSM04C2,Exports of Beef,197912,1979M12,-,State,000 Tonnes,22.7
TSM04C2,Exports of Beef,198001,1980M01,-,State,000 Tonnes,29.9
TSM04C2,Exports of Beef,198002,1980M02,-,State,000 Tonnes,30.7
TSM04C2,Exports of Beef,198003,1980M03,-,State,000 Tonnes,24.4
TSM04C2,Exports of Beef,198004,1980M04,-,State,000 Tonnes,19.8
TSM04C2,Exports of Beef,198005,1980M05,-,State,000 Tonnes,16.8
TSM04C2,Exports of Beef,198006,1980M06,-,State,000 Tonnes,19.5
TSM04C2,Exports of Beef,198007,1980M07,-,State,000 Tonnes,24.6
TSM04C2,Exports of Beef,198008,1980M08,-,State,000 Tonnes,28.6
TSM04C2,Exports of Beef,198009,1980M09,-,State,000 Tonnes,40.1
TSM04C2,Exports of Beef,198010,1980M10,-,State,000 Tonnes,37
TSM04C2,Exports of Beef,198011,1980M11,-,State,000 Tonnes,33.7
TSM04C2,Exports of Beef,198012,1980M12,-,State,000 Tonnes,24.8
TSM04C2,Exports of Beef,198101,1981M01,-,State,000 Tonnes,17.7
TSM04C2,Exports of Beef,198102,1981M02,-,State,000 Tonnes,13.9
TSM04C2,Exports of Beef,198103,1981M03,-,State,000 Tonnes,15.7
TSM04C2,Exports of Beef,198104,1981M04,-,State,000 Tonnes,9.7
TSM04C2,Exports of Beef,198105,1981M05,-,State,000 Tonnes,13.6
TSM04C2,Exports of Beef,198106,1981M06,-,State,000 Tonnes,18.3
TSM04C2,Exports of Beef,198107,1981M07,-,State,000 Tonnes,19.8
TSM04C2,Exports of Beef,198108,1981M08,-,State,000 Tonnes,22.8
TSM04C2,Exports of Beef,198109,1981M09,-,State,000 Tonnes,20.5
TSM04C2,Exports of Beef,198110,1981M10,-,State,000 Tonnes,26.7
TSM04C2,Exports of Beef,198111,1981M11,-,State,000 Tonnes,21.8
TSM04C2,Exports of Beef,198112,1981M12,-,State,000 Tonnes,18.6
TSM04C2,Exports of Beef,198201,1982M01,-,State,000 Tonnes,11.7
TSM04C2,Exports of Beef,198202,1982M02,-,State,000 Tonnes,12.9
TSM04C2,Exports of Beef,198203,1982M03,-,State,000 Tonnes,14.5
TSM04C2,Exports of Beef,198204,1982M04,-,State,000 Tonnes,14.7
TSM04C2,Exports of Beef,198205,1982M05,-,State,000 Tonnes,16.8
TSM04C2,Exports of Beef,198206,1982M06,-,State,000 Tonnes,18.9
TSM04C2,Exports of Beef,198207,1982M07,-,State,000 Tonnes,19.9
TSM04C2,Exports of Beef,198208,1982M08,-,State,000 Tonnes,22.4
TSM04C2,Exports of Beef,198209,1982M09,-,State,000 Tonnes,19
TSM04C2,Exports of Beef,198210,1982M10,-,State,000 Tonnes,21.1
TSM04C2,Exports of Beef,198211,1982M11,-,State,000 Tonnes,20.3
TSM04C2,Exports of Beef,198212,1982M12,-,State,000 Tonnes,17.1
TSM04C2,Exports of Beef,198301,1983M01,-,State,000 Tonnes,18.2
TSM04C2,Exports of Beef,198302,1983M02,-,State,000 Tonnes,18.3
TSM04C2,Exports of Beef,198303,1983M03,-,State,000 Tonnes,12.8
TSM04C2,Exports of Beef,198304,1983M04,-,State,000 Tonnes,19.2
TSM04C2,Exports of Beef,198305,1983M05,-,State,000 Tonnes,19.8
TSM04C2,Exports of Beef,198306,1983M06,-,State,000 Tonnes,19.3
TSM04C2,Exports of Beef,198307,1983M07,-,State,000 Tonnes,16.7
TSM04C2,Exports of Beef,198308,1983M08,-,State,000 Tonnes,19.9
TSM04C2,Exports of Beef,198309,1983M09,-,State,000 Tonnes,18.7
TSM04C2,Exports of Beef,198310,1983M10,-,State,000 Tonnes,23.3
TSM04C2,Exports of Beef,198311,1983M11,-,State,000 Tonnes,25.1
TSM04C2,Exports of Beef,198312,1983M12,-,State,000 Tonnes,20.2
TSM04C2,Exports of Beef,198401,1984M01,-,State,000 Tonnes,15.5
TSM04C2,Exports of Beef,198402,1984M02,-,State,000 Tonnes,18
TSM04C2,Exports of Beef,198403,1984M03,-,State,000 Tonnes,14.5
TSM04C2,Exports of Beef,198404,1984M04,-,State,000 Tonnes,16.6
TSM04C2,Exports of Beef,198405,1984M05,-,State,000 Tonnes,14
TSM04C2,Exports of Beef,198406,1984M06,-,State,000 Tonnes,15
TSM04C2,Exports of Beef,198407,1984M07,-,State,000 Tonnes,13.2
TSM04C2,Exports of Beef,198408,1984M08,-,State,000 Tonnes,19.2
TSM04C2,Exports of Beef,198409,1984M09,-,State,000 Tonnes,22
TSM04C2,Exports of Beef,198410,1984M10,-,State,000 Tonnes,22.3
TSM04C2,Exports of Beef,198411,1984M11,-,State,000 Tonnes,22.5
TSM04C2,Exports of Beef,198412,1984M12,-,State,000 Tonnes,17.7
TSM04C2,Exports of Beef,198501,1985M01,-,State,000 Tonnes,17.9
TSM04C2,Exports of Beef,198502,1985M02,-,State,000 Tonnes,19.2
TSM04C2,Exports of Beef,198503,1985M03,-,State,000 Tonnes,19.9
TSM04C2,Exports of Beef,198504,1985M04,-,State,000 Tonnes,18.2
TSM04C2,Exports of Beef,198505,1985M05,-,State,000 Tonnes,23
TSM04C2,Exports of Beef,198506,1985M06,-,State,000 Tonnes,17.1
TSM04C2,Exports of Beef,198507,1985M07,-,State,000 Tonnes,21.7
TSM04C2,Exports of Beef,198508,1985M08,-,State,000 Tonnes,27
TSM04C2,Exports of Beef,198509,1985M09,-,State,000 Tonnes,20.7
TSM04C2,Exports of Beef,198510,1985M10,-,State,000 Tonnes,20.4
TSM04C2,Exports of Beef,198511,1985M11,-,State,000 Tonnes,24.3
TSM04C2,Exports of Beef,198512,1985M12,-,State,000 Tonnes,28.4
TSM04C2,Exports of Beef,198601,1986M01,-,State,000 Tonnes,28.3
TSM04C2,Exports of Beef,198602,1986M02,-,State,000 Tonnes,43.4
TSM04C2,Exports of Beef,198603,1986M03,-,State,000 Tonnes,34.6
TSM04C2,Exports of Beef,198604,1986M04,-,State,000 Tonnes,25.5
TSM04C2,Exports of Beef,198605,1986M05,-,State,000 Tonnes,20.7
TSM04C2,Exports of Beef,198606,1986M06,-,State,000 Tonnes,23.7
TSM04C2,Exports of Beef,198607,1986M07,-,State,000 Tonnes,26.1
TSM04C2,Exports of Beef,198608,1986M08,-,State,000 Tonnes,32.9
TSM04C2,Exports of Beef,198609,1986M09,-,State,000 Tonnes,24.2
TSM04C2,Exports of Beef,198610,1986M10,-,State,000 Tonnes,24.4
TSM04C2,Exports of Beef,198611,1986M11,-,State,000 Tonnes,38.9
TSM04C2,Exports of Beef,198612,1986M12,-,State,000 Tonnes,25.5
TSM04C2,Exports of Beef,198701,1987M01,-,State,000 Tonnes,30.5
TSM04C2,Exports of Beef,198702,1987M02,-,State,000 Tonnes,17.7
TSM04C2,Exports of Beef,198703,1987M03,-,State,000 Tonnes,24.8
TSM04C2,Exports of Beef,198704,1987M04,-,State,000 Tonnes,18.9
TSM04C2,Exports of Beef,198705,1987M05,-,State,000 Tonnes,25.2
TSM04C2,Exports of Beef,198706,1987M06,-,State,000 Tonnes,25.5
TSM04C2,Exports of Beef,198707,1987M07,-,State,000 Tonnes,25.4
TSM04C2,Exports of Beef,198708,1987M08,-,State,000 Tonnes,29.1
TSM04C2,Exports of Beef,198709,1987M09,-,State,000 Tonnes,37.5
TSM04C2,Exports of Beef,198710,1987M10,-,State,000 Tonnes,38.3
TSM04C2,Exports of Beef,198711,1987M11,-,State,000 Tonnes,21.2
TSM04C2,Exports of Beef,198712,1987M12,-,State,000 Tonnes,47
TSM04C2,Exports of Beef,198801,1988M01,-,State,000 Tonnes,15.7
TSM04C2,Exports of Beef,198802,1988M02,-,State,000 Tonnes,29.9
TSM04C2,Exports of Beef,198803,1988M03,-,State,000 Tonnes,28.3
TSM04C2,Exports of Beef,198804,1988M04,-,State,000 Tonnes,16.3
TSM04C2,Exports of Beef,198805,1988M05,-,State,000 Tonnes,27.3
TSM04C2,Exports of Beef,198806,1988M06,-,State,000 Tonnes,23.6
TSM04C2,Exports of Beef,198807,1988M07,-,State,000 Tonnes,23.2
TSM04C2,Exports of Beef,198808,1988M08,-,State,000 Tonnes,29.8
TSM04C2,Exports of Beef,198809,1988M09,-,State,000 Tonnes,22.7
TSM04C2,Exports of Beef,198810,1988M10,-,State,000 Tonnes,16.9
TSM04C2,Exports of Beef,198811,1988M11,-,State,000 Tonnes,31.4
TSM04C2,Exports of Beef,198812,1988M12,-,State,000 Tonnes,23.6
TSM04C2,Exports of Beef,198901,1989M01,-,State,000 Tonnes,18.1
TSM04C2,Exports of Beef,198902,1989M02,-,State,000 Tonnes,26.8
TSM04C2,Exports of Beef,198903,1989M03,-,State,000 Tonnes,22.5
TSM04C2,Exports of Beef,198904,1989M04,-,State,000 Tonnes,32
TSM04C2,Exports of Beef,198905,1989M05,-,State,000 Tonnes,27.9
TSM04C2,Exports of Beef,198906,1989M06,-,State,000 Tonnes,17
TSM04C2,Exports of Beef,198907,1989M07,-,State,000 Tonnes,21.6
TSM04C2,Exports of Beef,198908,1989M08,-,State,000 Tonnes,26.7
TSM04C2,Exports of Beef,198909,1989M09,-,State,000 Tonnes,54.8
TSM04C2,Exports of Beef,198910,1989M10,-,State,000 Tonnes,41.5
TSM04C2,Exports of Beef,198911,1989M11,-,State,000 Tonnes,21.8
TSM04C2,Exports of Beef,198912,1989M12,-,State,000 Tonnes,29.3
TSM04C2,Exports of Beef,199001,1990M01,-,State,000 Tonnes,32.6
TSM04C2,Exports of Beef,199002,1990M02,-,State,000 Tonnes,25.4
TSM04C2,Exports of Beef,199003,1990M03,-,State,000 Tonnes,29.8
TSM04C2,Exports of Beef,199004,1990M04,-,State,000 Tonnes,28.8
TSM04C2,Exports of Beef,199005,1990M05,-,State,000 Tonnes,27.9
TSM04C2,Exports of Beef,199006,1990M06,-,State,000 Tonnes,37.1
TSM04C2,Exports of Beef,199007,1990M07,-,State,000 Tonnes,11.2
TSM04C2,Exports of Beef,199008,1990M08,-,State,000 Tonnes,14.9
TSM04C2,Exports of Beef,199009,1990M09,-,State,000 Tonnes,16
TSM04C2,Exports of Beef,199010,1990M10,-,State,000 Tonnes,15.6
TSM04C2,Exports of Beef,199011,1990M11,-,State,000 Tonnes,24.6
TSM04C2,Exports of Beef,199012,1990M12,-,State,000 Tonnes,17.4
TSM04C2,Exports of Beef,199101,1991M01,-,State,000 Tonnes,19.3
TSM04C2,Exports of Beef,199102,1991M02,-,State,000 Tonnes,16.7
TSM04C2,Exports of Beef,199103,1991M03,-,State,000 Tonnes,21.6
TSM04C2,Exports of Beef,199104,1991M04,-,State,000 Tonnes,24.5
TSM04C2,Exports of Beef,199105,1991M05,-,State,000 Tonnes,19.2
TSM04C2,Exports of Beef,199106,1991M06,-,State,000 Tonnes,22.8
TSM04C2,Exports of Beef,199107,1991M07,-,State,000 Tonnes,25.6
TSM04C2,Exports of Beef,199108,1991M08,-,State,000 Tonnes,24.3
TSM04C2,Exports of Beef,199109,1991M09,-,State,000 Tonnes,27.3
TSM04C2,Exports of Beef,199110,1991M10,-,State,000 Tonnes,28.1
TSM04C2,Exports of Beef,199111,1991M11,-,State,000 Tonnes,28.4
TSM04C2,Exports of Beef,199112,1991M12,-,State,000 Tonnes,28.1
TSM04C2,Exports of Beef,199201,1992M01,-,State,000 Tonnes,31.8
TSM04C2,Exports of Beef,199202,1992M02,-,State,000 Tonnes,35.6
TSM04C2,Exports of Beef,199203,1992M03,-,State,000 Tonnes,27.2
TSM04C2,Exports of Beef,199204,1992M04,-,State,000 Tonnes,26.6
TSM04C2,Exports of Beef,199205,1992M05,-,State,000 Tonnes,27.3
TSM04C2,Exports of Beef,199206,1992M06,-,State,000 Tonnes,35.8
TSM04C2,Exports of Beef,199207,1992M07,-,State,000 Tonnes,43.4
TSM04C2,Exports of Beef,199208,1992M08,-,State,000 Tonnes,30.5
TSM04C2,Exports of Beef,199209,1992M09,-,State,000 Tonnes,22.5
TSM04C2,Exports of Beef,199210,1992M10,-,State,000 Tonnes,23.8
TSM04C2,Exports of Beef,199211,1992M11,-,State,000 Tonnes,27.3
TSM04C2,Exports of Beef,199212,1992M12,-,State,000 Tonnes,21.2
TSM04C2,Exports of Beef,199301,1993M01,-,State,000 Tonnes,12.4
TSM04C2,Exports of Beef,199302,1993M02,-,State,000 Tonnes,17.4
TSM04C2,Exports of Beef,199303,1993M03,-,State,000 Tonnes,26.1
TSM04C2,Exports of Beef,199304,1993M04,-,State,000 Tonnes,21.2
TSM04C2,Exports of Beef,199305,1993M05,-,State,000 Tonnes,24.5
TSM04C2,Exports of Beef,199306,1993M06,-,State,000 Tonnes,23.4
TSM04C2,Exports of Beef,199307,1993M07,-,State,000 Tonnes,21.8
TSM04C2,Exports of Beef,199308,1993M08,-,State,000 Tonnes,27.7
TSM04C2,Exports of Beef,199309,1993M09,-,State,000 Tonnes,33.9
TSM04C2,Exports of Beef,199310,1993M10,-,State,000 Tonnes,41.5
TSM04C2,Exports of Beef,199311,1993M11,-,State,000 Tonnes,37.7
TSM04C2,Exports of Beef,199312,1993M12,-,State,000 Tonnes,56.3
TSM04C2,Exports of Beef,199401,1994M01,-,State,000 Tonnes,35.7
TSM04C2,Exports of Beef,199402,1994M02,-,State,000 Tonnes,31.9
TSM04C2,Exports of Beef,199403,1994M03,-,State,000 Tonnes,34.5
TSM04C2,Exports of Beef,199404,1994M04,-,State,000 Tonnes,29.1
TSM04C2,Exports of Beef,199405,1994M05,-,State,000 Tonnes,31.3
TSM04C2,Exports of Beef,199406,1994M06,-,State,000 Tonnes,28.5
TSM04C2,Exports of Beef,199407,1994M07,-,State,000 Tonnes,25.7
TSM04C2,Exports of Beef,199408,1994M08,-,State,000 Tonnes,26.6
TSM04C2,Exports of Beef,199409,1994M09,-,State,000 Tonnes,31.5
TSM04C2,Exports of Beef,199410,1994M10,-,State,000 Tonnes,38.6
TSM04C2,Exports of Beef,199411,1994M11,-,State,000 Tonnes,47.4
TSM04C2,Exports of Beef,199412,1994M12,-,State,000 Tonnes,50.7
TSM04C2,Exports of Beef,199501,1995M01,-,State,000 Tonnes,32.6
TSM04C2,Exports of Beef,199502,1995M02,-,State,000 Tonnes,60.9
TSM04C2,Exports of Beef,199503,1995M03,-,State,000 Tonnes,48.4
TSM04C2,Exports of Beef,199504,1995M04,-,State,000 Tonnes,30.8
TSM04C2,Exports of Beef,199505,1995M05,-,State,000 Tonnes,33.5
TSM04C2,Exports of Beef,199506,1995M06,-,State,000 Tonnes,32.1
TSM04C2,Exports of Beef,199507,1995M07,-,State,000 Tonnes,16.9
TSM04C2,Exports of Beef,199508,1995M08,-,State,000 Tonnes,25
TSM04C2,Exports of Beef,199509,1995M09,-,State,000 Tonnes,44.5
TSM04C2,Exports of Beef,199510,1995M10,-,State,000 Tonnes,33.5
TSM04C2,Exports of Beef,199511,1995M11,-,State,000 Tonnes,32.2
TSM04C2,Exports of Beef,199512,1995M12,-,State,000 Tonnes,33.9
TSM04C2,Exports of Beef,199601,1996M01,-,State,000 Tonnes,23.3
TSM04C2,Exports of Beef,199602,1996M02,-,State,000 Tonnes,26.4
TSM04C2,Exports of Beef,199603,1996M03,-,State,000 Tonnes,28.7
TSM04C2,Exports of Beef,199604,1996M04,-,State,000 Tonnes,19.5
TSM04C2,Exports of Beef,199605,1996M05,-,State,000 Tonnes,23.2
TSM04C2,Exports of Beef,199606,1996M06,-,State,000 Tonnes,21.9
TSM04C2,Exports of Beef,199607,1996M07,-,State,000 Tonnes,23.2
TSM04C2,Exports of Beef,199608,1996M08,-,State,000 Tonnes,36.5
TSM04C2,Exports of Beef,199609,1996M09,-,State,000 Tonnes,22.7
TSM04C2,Exports of Beef,199610,1996M10,-,State,000 Tonnes,48.9
TSM04C2,Exports of Beef,199611,1996M11,-,State,000 Tonnes,33
TSM04C2,Exports of Beef,199612,1996M12,-,State,000 Tonnes,29.4
TSM04C2,Exports of Beef,199701,1997M01,-,State,000 Tonnes,28.2
TSM04C2,Exports of Beef,199702,1997M02,-,State,000 Tonnes,24
TSM04C2,Exports of Beef,199703,1997M03,-,State,000 Tonnes,24.7
TSM04C2,Exports of Beef,199704,1997M04,-,State,000 Tonnes,33
TSM04C2,Exports of Beef,199705,1997M05,-,State,000 Tonnes,28.2
TSM04C2,Exports of Beef,199706,1997M06,-,State,000 Tonnes,22.3
TSM04C2,Exports of Beef,199707,1997M07,-,State,000 Tonnes,28.3
TSM04C2,Exports of Beef,199708,1997M08,-,State,000 Tonnes,20.7
TSM04C2,Exports of Beef,199709,1997M09,-,State,000 Tonnes,27.1
TSM04C2,Exports of Beef,199710,1997M10,-,State,000 Tonnes,35.4
TSM04C2,Exports of Beef,199711,1997M11,-,State,000 Tonnes,24.8
TSM04C2,Exports of Beef,199712,1997M12,-,State,000 Tonnes,43.6
TSM04C2,Exports of Beef,199801,1998M01,-,State,000 Tonnes,28.3
TSM04C2,Exports of Beef,199802,1998M02,-,State,000 Tonnes,24.1
TSM04C2,Exports of Beef,199803,1998M03,-,State,000 Tonnes,33.6
TSM04C2,Exports of Beef,199804,1998M04,-,State,000 Tonnes,34
TSM04C2,Exports of Beef,199805,1998M05,-,State,000 Tonnes,26.5
TSM04C2,Exports of Beef,199806,1998M06,-,State,000 Tonnes,30
TSM04C2,Exports of Beef,199807,1998M07,-,State,000 Tonnes,25.7
TSM04C2,Exports of Beef,199808,1998M08,-,State,000 Tonnes,26
TSM04C2,Exports of Beef,199809,1998M09,-,State,000 Tonnes,35.8
TSM04C2,Exports of Beef,199810,1998M10,-,State,000 Tonnes,30.9
TSM04C2,Exports of Beef,199811,1998M11,-,State,000 Tonnes,37.3
TSM04C2,Exports of Beef,199812,1998M12,-,State,000 Tonnes,40
TSM04C2,Exports of Beef,199901,1999M01,-,State,000 Tonnes,27.4
TSM04C2,Exports of Beef,199902,1999M02,-,State,000 Tonnes,38.3
TSM04C2,Exports of Beef,199903,1999M03,-,State,000 Tonnes,42
TSM04C2,Exports of Beef,199904,1999M04,-,State,000 Tonnes,44.3
TSM04C2,Exports of Beef,199905,1999M05,-,State,000 Tonnes,37.9
TSM04C2,Exports of Beef,199906,1999M06,-,State,000 Tonnes,34.9
TSM04C2,Exports of Beef,199907,1999M07,-,State,000 Tonnes,33.8
TSM04C2,Exports of Beef,199908,1999M08,-,State,000 Tonnes,35.1
TSM04C2,Exports of Beef,199909,1999M09,-,State,000 Tonnes,38.7
TSM04C2,Exports of Beef,199910,1999M10,-,State,000 Tonnes,41.3
TSM04C2,Exports of Beef,199911,1999M11,-,State,000 Tonnes,45.3
TSM04C2,Exports of Beef,199912,1999M12,-,State,000 Tonnes,46.1
TSM04C2,Exports of Beef,200001,2000M01,-,State,000 Tonnes,14.3
TSM04C2,Exports of Beef,200002,2000M02,-,State,000 Tonnes,35.3
TSM04C2,Exports of Beef,200003,2000M03,-,State,000 Tonnes,35
TSM04C2,Exports of Beef,200004,2000M04,-,State,000 Tonnes,34.8
TSM04C2,Exports of Beef,200005,2000M05,-,State,000 Tonnes,29.6
TSM04C2,Exports of Beef,200006,2000M06,-,State,000 Tonnes,28.1
TSM04C2,Exports of Beef,200007,2000M07,-,State,000 Tonnes,28.2
TSM04C2,Exports of Beef,200008,2000M08,-,State,000 Tonnes,24.2
TSM04C2,Exports of Beef,200009,2000M09,-,State,000 Tonnes,32.7
TSM04C2,Exports of Beef,200010,2000M10,-,State,000 Tonnes,35.3
TSM04C2,Exports of Beef,200011,2000M11,-,State,000 Tonnes,34.9
TSM04C2,Exports of Beef,200012,2000M12,-,State,000 Tonnes,24.3
TSM04C2,Exports of Beef,200101,2001M01,-,State,000 Tonnes,16.5
TSM04C2,Exports of Beef,200102,2001M02,-,State,000 Tonnes,12.3
TSM04C2,Exports of Beef,200103,2001M03,-,State,000 Tonnes,16.7
TSM04C2,Exports of Beef,200104,2001M04,-,State,000 Tonnes,13
TSM04C2,Exports of Beef,200105,2001M05,-,State,000 Tonnes,14.7
TSM04C2,Exports of Beef,200106,2001M06,-,State,000 Tonnes,15.3
TSM04C2,Exports of Beef,200107,2001M07,-,State,000 Tonnes,14.4
TSM04C2,Exports of Beef,200108,2001M08,-,State,000 Tonnes,18.3
TSM04C2,Exports of Beef,200109,2001M09,-,State,000 Tonnes,24.4
TSM04C2,Exports of Beef,200110,2001M10,-,State,000 Tonnes,21.8
TSM04C2,Exports of Beef,200111,2001M11,-,State,000 Tonnes,23.7
TSM04C2,Exports of Beef,200112,2001M12,-,State,000 Tonnes,23.4
TSM04C2,Exports of Beef,200201,2002M01,-,State,000 Tonnes,23.3
TSM04C2,Exports of Beef,200202,2002M02,-,State,000 Tonnes,21
TSM04C2,Exports of Beef,200203,2002M03,-,State,000 Tonnes,22.7
TSM04C2,Exports of Beef,200204,2002M04,-,State,000 Tonnes,20.3
TSM04C2,Exports of Beef,200205,2002M05,-,State,000 Tonnes,24.6
TSM04C2,Exports of Beef,200206,2002M06,-,State,000 Tonnes,22.7
TSM04C2,Exports of Beef,200207,2002M07,-,State,000 Tonnes,20.1
TSM04C2,Exports of Beef,200208,2002M08,-,State,000 Tonnes,23.1
TSM04C2,Exports of Beef,200209,2002M09,-,State,000 Tonnes,29.3
TSM04C2,Exports of Beef,200210,2002M10,-,State,000 Tonnes,30.6
TSM04C2,Exports of Beef,200211,2002M11,-,State,000 Tonnes,29
TSM04C2,Exports of Beef,200212,2002M12,-,State,000 Tonnes,28.2
TSM04C2,Exports of Beef,200301,2003M01,-,State,000 Tonnes,25
TSM04C2,Exports of Beef,200302,2003M02,-,State,000 Tonnes,23.9
TSM04C2,Exports of Beef,200303,2003M03,-,State,000 Tonnes,24.8
TSM04C2,Exports of Beef,200304,2003M04,-,State,000 Tonnes,20.6
TSM04C2,Exports of Beef,200305,2003M05,-,State,000 Tonnes,23.9
TSM04C2,Exports of Beef,200306,2003M06,-,State,000 Tonnes,23.6
TSM04C2,Exports of Beef,200307,2003M07,-,State,000 Tonnes,23.6
TSM04C2,Exports of Beef,200308,2003M08,-,State,000 Tonnes,24
TSM04C2,Exports of Beef,200309,2003M09,-,State,000 Tonnes,35.4
TSM04C2,Exports of Beef,200310,2003M10,-,State,000 Tonnes,30.9
TSM04C2,Exports of Beef,200311,2003M11,-,State,000 Tonnes,32
TSM04C2,Exports of Beef,200312,2003M12,-,State,000 Tonnes,32.2
TSM04C2,Exports of Beef,200401,2004M01,-,State,000 Tonnes,22.4
TSM04C2,Exports of Beef,200402,2004M02,-,State,000 Tonnes,21
TSM04C2,Exports of Beef,200403,2004M03,-,State,000 Tonnes,25.4
TSM04C2,Exports of Beef,200404,2004M04,-,State,000 Tonnes,21.7
TSM04C2,Exports of Beef,200405,2004M05,-,State,000 Tonnes,21.9
TSM04C2,Exports of Beef,200406,2004M06,-,State,000 Tonnes,23.6
TSM04C2,Exports of Beef,200407,2004M07,-,State,000 Tonnes,20.4
TSM04C2,Exports of Beef,200408,2004M08,-,State,000 Tonnes,24.8
TSM04C2,Exports of Beef,200409,2004M09,-,State,000 Tonnes,29.5
TSM04C2,Exports of Beef,200410,2004M10,-,State,000 Tonnes,29.6
TSM04C2,Exports of Beef,200411,2004M11,-,State,000 Tonnes,30.3
TSM04C2,Exports of Beef,200412,2004M12,-,State,000 Tonnes,37.8
TSM04C2,Exports of Beef,200501,2005M01,-,State,000 Tonnes,16.7
TSM04C2,Exports of Beef,200502,2005M02,-,State,000 Tonnes,20.1
TSM04C2,Exports of Beef,200503,2005M03,-,State,000 Tonnes,27.5
TSM04C2,Exports of Beef,200504,2005M04,-,State,000 Tonnes,21.7
TSM04C2,Exports of Beef,200505,2005M05,-,State,000 Tonnes,20.4
TSM04C2,Exports of Beef,200506,2005M06,-,State,000 Tonnes,26.3
TSM04C2,Exports of Beef,200507,2005M07,-,State,000 Tonnes,21.3
TSM04C2,Exports of Beef,200508,2005M08,-,State,000 Tonnes,24.1
TSM04C2,Exports of Beef,200509,2005M09,-,State,000 Tonnes,33.1
TSM04C2,Exports of Beef,200510,2005M10,-,State,000 Tonnes,29.4
TSM04C2,Exports of Beef,200511,2005M11,-,State,000 Tonnes,33.7
TSM04C2,Exports of Beef,200512,2005M12,-,State,000 Tonnes,36.9
TSM04C2,Exports of Beef,200601,2006M01,-,State,000 Tonnes,21.3
TSM04C2,Exports of Beef,200602,2006M02,-,State,000 Tonnes,25.3
TSM04C2,Exports of Beef,200603,2006M03,-,State,000 Tonnes,33
TSM04C2,Exports of Beef,200604,2006M04,-,State,000 Tonnes,27.6
TSM04C2,Exports of Beef,200605,2006M05,-,State,000 Tonnes,24.7
TSM04C2,Exports of Beef,200606,2006M06,-,State,000 Tonnes,28
TSM04C2,Exports of Beef,200607,2006M07,-,State,000 Tonnes,24.2
TSM04C2,Exports of Beef,200608,2006M08,-,State,000 Tonnes,25.8
TSM04C2,Exports of Beef,200609,2006M09,-,State,000 Tonnes,32.7
TSM04C2,Exports of Beef,200610,2006M10,-,State,000 Tonnes,28.5
TSM04C2,Exports of Beef,200611,2006M11,-,State,000 Tonnes,29.7
TSM04C2,Exports of Beef,200612,2006M12,-,State,000 Tonnes,33.7
TSM04C2,Exports of Beef,200701,2007M01,-,State,000 Tonnes,24
TSM04C2,Exports of Beef,200702,2007M02,-,State,000 Tonnes,25.1
TSM04C2,Exports of Beef,200703,2007M03,-,State,000 Tonnes,29.9
TSM04C2,Exports of Beef,200704,2007M04,-,State,000 Tonnes,24.1
TSM04C2,Exports of Beef,200705,2007M05,-,State,000 Tonnes,24.4
TSM04C2,Exports of Beef,200706,2007M06,-,State,000 Tonnes,26.4
TSM04C2,Exports of Beef,200707,2007M07,-,State,000 Tonnes,24
TSM04C2,Exports of Beef,200708,2007M08,-,State,000 Tonnes,26.1
TSM04C2,Exports of Beef,200709,2007M09,-,State,000 Tonnes,33.7
TSM04C2,Exports of Beef,200710,2007M10,-,State,000 Tonnes,29
TSM04C2,Exports of Beef,200711,2007M11,-,State,000 Tonnes,29.3
TSM04C2,Exports of Beef,200712,2007M12,-,State,000 Tonnes,32.9
TSM04C2,Exports of Beef,200801,2008M01,-,State,000 Tonnes,23.4
TSM04C2,Exports of Beef,200802,2008M02,-,State,000 Tonnes,24.7
TSM04C2,Exports of Beef,200803,2008M03,-,State,000 Tonnes,27.3
TSM04C2,Exports of Beef,200804,2008M04,-,State,000 Tonnes,23.8
TSM04C2,Exports of Beef,200805,2008M05,-,State,000 Tonnes,22.6
TSM04C2,Exports of Beef,200806,2008M06,-,State,000 Tonnes,24.8
TSM04C2,Exports of Beef,200807,2008M07,-,State,000 Tonnes,26.8
TSM04C2,Exports of Beef,200808,2008M08,-,State,000 Tonnes,24.9
TSM04C2,Exports of Beef,200809,2008M09,-,State,000 Tonnes,32.4
TSM04C2,Exports of Beef,200810,2008M10,-,State,000 Tonnes,29.6
TSM04C2,Exports of Beef,200811,2008M11,-,State,000 Tonnes,24.7
TSM04C2,Exports of Beef,200812,2008M12,-,State,000 Tonnes,24.3
TSM04C2,Exports of Beef,200901,2009M01,-,State,000 Tonnes,21.5
TSM04C2,Exports of Beef,200902,2009M02,-,State,000 Tonnes,22.2
TSM04C2,Exports of Beef,200903,2009M03,-,State,000 Tonnes,25.6
TSM04C2,Exports of Beef,200904,2009M04,-,State,000 Tonnes,22.7
TSM04C2,Exports of Beef,200905,2009M05,-,State,000 Tonnes,21.8
TSM04C2,Exports of Beef,200906,2009M06,-,State,000 Tonnes,24.9
TSM04C2,Exports of Beef,200907,2009M07,-,State,000 Tonnes,22.3
TSM04C2,Exports of Beef,200908,2009M08,-,State,000 Tonnes,24.4
TSM04C2,Exports of Beef,200909,2009M09,-,State,000 Tonnes,29.9
TSM04C2,Exports of Beef,200910,2009M10,-,State,000 Tonnes,27.9
TSM04C2,Exports of Beef,200911,2009M11,-,State,000 Tonnes,26.9
TSM04C2,Exports of Beef,200912,2009M12,-,State,000 Tonnes,30.9
TSM04C2,Exports of Beef,201001,2010M01,-,State,000 Tonnes,22.8
TSM04C2,Exports of Beef,201002,2010M02,-,State,000 Tonnes,23.4
TSM04C2,Exports of Beef,201003,2010M03,-,State,000 Tonnes,28.8
TSM04C2,Exports of Beef,201004,2010M04,-,State,000 Tonnes,23.5
TSM04C2,Exports of Beef,201005,2010M05,-,State,000 Tonnes,24.4
TSM04C2,Exports of Beef,201006,2010M06,-,State,000 Tonnes,29.3
TSM04C2,Exports of Beef,201007,2010M07,-,State,000 Tonnes,24.1
TSM04C2,Exports of Beef,201008,2010M08,-,State,000 Tonnes,23.4
TSM04C2,Exports of Beef,201009,2010M09,-,State,000 Tonnes,31.5
TSM04C2,Exports of Beef,201010,2010M10,-,State,000 Tonnes,28.2
TSM04C2,Exports of Beef,201011,2010M11,-,State,000 Tonnes,27.7
TSM04C2,Exports of Beef,201012,2010M12,-,State,000 Tonnes,32.2
TSM04C2,Exports of Beef,201101,2011M01,-,State,000 Tonnes,22.8
TSM04C2,Exports of Beef,201102,2011M02,-,State,000 Tonnes,24
TSM04C2,Exports of Beef,201103,2011M03,-,State,000 Tonnes,31.3
TSM04C2,Exports of Beef,201104,2011M04,-,State,000 Tonnes,27.2
TSM04C2,Exports of Beef,201105,2011M05,-,State,000 Tonnes,25.1
TSM04C2,Exports of Beef,201106,2011M06,-,State,000 Tonnes,29.1
TSM04C2,Exports of Beef,201107,2011M07,-,State,000 Tonnes,24.3
TSM04C2,Exports of Beef,201108,2011M08,-,State,000 Tonnes,25.1
TSM04C2,Exports of Beef,201109,2011M09,-,State,000 Tonnes,33.7
TSM04C2,Exports of Beef,201110,2011M10,-,State,000 Tonnes,33.7
TSM04C2,Exports of Beef,201111,2011M11,-,State,000 Tonnes,28.7
TSM04C2,Exports of Beef,201112,2011M12,-,State,000 Tonnes,33.8
TSM04C2,Exports of Beef,201201,2012M01,-,State,000 Tonnes,22.4
TSM04C2,Exports of Beef,201202,2012M02,-,State,000 Tonnes,24.4
TSM04C2,Exports of Beef,201203,2012M03,-,State,000 Tonnes,28.4
TSM04C2,Exports of Beef,201204,2012M04,-,State,000 Tonnes,21.1
TSM04C2,Exports of Beef,201205,2012M05,-,State,000 Tonnes,21.7
TSM04C2,Exports of Beef,201206,2012M06,-,State,000 Tonnes,23.5
TSM04C2,Exports of Beef,201207,2012M07,-,State,000 Tonnes,20.2
TSM04C2,Exports of Beef,201208,2012M08,-,State,000 Tonnes,23
TSM04C2,Exports of Beef,201209,2012M09,-,State,000 Tonnes,29.3
TSM04C2,Exports of Beef,201210,2012M10,-,State,000 Tonnes,27
TSM04C2,Exports of Beef,201211,2012M11,-,State,000 Tonnes,27
TSM04C2,Exports of Beef,201212,2012M12,-,State,000 Tonnes,30.1
TSM04C2,Exports of Beef,201301,2013M01,-,State,000 Tonnes,24.2
TSM04C2,Exports of Beef,201302,2013M02,-,State,000 Tonnes,23.1
TSM04C2,Exports of Beef,201303,2013M03,-,State,000 Tonnes,27.3
TSM04C2,Exports of Beef,201304,2013M04,-,State,000 Tonnes,22
TSM04C2,Exports of Beef,201305,2013M05,-,State,000 Tonnes,23.4
TSM04C2,Exports of Beef,201306,2013M06,-,State,000 Tonnes,23.9
TSM04C2,Exports of Beef,201307,2013M07,-,State,000 Tonnes,22.3
TSM04C2,Exports of Beef,201308,2013M08,-,State,000 Tonnes,21.7
TSM04C2,Exports of Beef,201309,2013M09,-,State,000 Tonnes,28.8
TSM04C2,Exports of Beef,201310,2013M10,-,State,000 Tonnes,28.9
TSM04C2,Exports of Beef,201311,2013M11,-,State,000 Tonnes,27.5
TSM04C2,Exports of Beef,201312,2013M12,-,State,000 Tonnes,27
TSM04C2,Exports of Beef,201401,2014M01,-,State,000 Tonnes,26.4
TSM04C2,Exports of Beef,201402,2014M02,-,State,000 Tonnes,24.4
TSM04C2,Exports of Beef,201403,2014M03,-,State,000 Tonnes,31.9
TSM04C2,Exports of Beef,201404,2014M04,-,State,000 Tonnes,27.3
TSM04C2,Exports of Beef,201405,2014M05,-,State,000 Tonnes,27.7
TSM04C2,Exports of Beef,201406,2014M06,-,State,000 Tonnes,29.8
TSM04C2,Exports of Beef,201407,2014M07,-,State,000 Tonnes,28
TSM04C2,Exports of Beef,201408,2014M08,-,State,000 Tonnes,27.3
TSM04C2,Exports of Beef,201409,2014M09,-,State,000 Tonnes,33.9
TSM04C2,Exports of Beef,201410,2014M10,-,State,000 Tonnes,26.5
TSM04C2,Exports of Beef,201411,2014M11,-,State,000 Tonnes,27.5
TSM04C2,Exports of Beef,201412,2014M12,-,State,000 Tonnes,33.8
TSM04C2,Exports of Beef,201501,2015M01,-,State,000 Tonnes,23.3
TSM04C2,Exports of Beef,201502,2015M02,-,State,000 Tonnes,25.8
TSM04C2,Exports of Beef,201503,2015M03,-,State,000 Tonnes,29.1
TSM04C2,Exports of Beef,201504,2015M04,-,State,000 Tonnes,26.7
TSM04C2,Exports of Beef,201505,2015M05,-,State,000 Tonnes,25
TSM04C2,Exports of Beef,201506,2015M06,-,State,000 Tonnes,28.9
TSM04C2,Exports of Beef,201507,2015M07,-,State,000 Tonnes,25.8
TSM04C2,Exports of Beef,201508,2015M08,-,State,000 Tonnes,24.9
TSM04C2,Exports of Beef,201509,2015M09,-,State,000 Tonnes,26.4
TSM04C2,Exports of Beef,201510,2015M10,-,State,000 Tonnes,26.5
TSM04C2,Exports of Beef,201511,2015M11,-,State,000 Tonnes,25.8
TSM04C2,Exports of Beef,201512,2015M12,-,State,000 Tonnes,32.1
TSM04C2,Exports of Beef,201601,2016M01,-,State,000 Tonnes,26.6
TSM04C2,Exports of Beef,201602,2016M02,-,State,000 Tonnes,26.4
TSM04C2,Exports of Beef,201603,2016M03,-,State,000 Tonnes,32.3
TSM04C2,Exports of Beef,201604,2016M04,-,State,000 Tonnes,26.4
TSM04C2,Exports of Beef,201605,2016M05,-,State,000 Tonnes,34
TSM04C2,Exports of Beef,201606,2016M06,-,State,000 Tonnes,28.4
TSM04C2,Exports of Beef,201607,2016M07,-,State,000 Tonnes,25.5
TSM04C2,Exports of Beef,201608,2016M08,-,State,000 Tonnes,26.8
TSM04C2,Exports of Beef,201609,2016M09,-,State,000 Tonnes,33.3
TSM04C2,Exports of Beef,201610,2016M10,-,State,000 Tonnes,33.3
TSM04C2,Exports of Beef,201611,2016M11,-,State,000 Tonnes,32.9
TSM04C2,Exports of Beef,201612,2016M12,-,State,000 Tonnes,39.1
TSM04C2,Exports of Beef,201701,2017M01,-,State,000 Tonnes,29.1
TSM04C2,Exports of Beef,201702,2017M02,-,State,000 Tonnes,27.6
TSM04C2,Exports of Beef,201703,2017M03,-,State,000 Tonnes,33
TSM04C2,Exports of Beef,201704,2017M04,-,State,000 Tonnes,28.3
TSM04C2,Exports of Beef,201705,2017M05,-,State,000 Tonnes,27.1
TSM04C2,Exports of Beef,201706,2017M06,-,State,000 Tonnes,31.4
TSM04C2,Exports of Beef,201707,2017M07,-,State,000 Tonnes,27.3
TSM04C2,Exports of Beef,201708,2017M08,-,State,000 Tonnes,30.7
TSM04C2,Exports of Beef,201709,2017M09,-,State,000 Tonnes,36.4
TSM04C2,Exports of Beef,201710,2017M10,-,State,000 Tonnes,32
TSM04C2,Exports of Beef,201711,2017M11,-,State,000 Tonnes,32.4
TSM04C2,Exports of Beef,201712,2017M12,-,State,000 Tonnes,35.7
TSM04C2,Exports of Beef,201801,2018M01,-,State,000 Tonnes,28.5
TSM04C2,Exports of Beef,201802,2018M02,-,State,000 Tonnes,29
TSM04C2,Exports of Beef,201803,2018M03,-,State,000 Tonnes,34.5
TSM04C2,Exports of Beef,201804,2018M04,-,State,000 Tonnes,28.5
TSM04C2,Exports of Beef,201805,2018M05,-,State,000 Tonnes,27.9
TSM04C2,Exports of Beef,201806,2018M06,-,State,000 Tonnes,31.1
TSM04C2,Exports of Beef,201807,2018M07,-,State,000 Tonnes,26.1
TSM04C2,Exports of Beef,201808,2018M08,-,State,000 Tonnes,28.6
TSM04C2,Exports of Beef,201809,2018M09,-,State,000 Tonnes,35.7
TSM04C2,Exports of Beef,201810,2018M10,-,State,000 Tonnes,33.8
TSM04C2,Exports of Beef,201811,2018M11,-,State,000 Tonnes,34.9
TSM04C2,Exports of Beef,201812,2018M12,-,State,000 Tonnes,35.2
TSM04C2,Exports of Beef,201901,2019M01,-,State,000 Tonnes,32.3
TSM04C2,Exports of Beef,201902,2019M02,-,State,000 Tonnes,28.3
TSM04C2,Exports of Beef,201903,2019M03,-,State,000 Tonnes,32.5
TSM04C2,Exports of Beef,201904,2019M04,-,State,000 Tonnes,32.7
TSM04C2,Exports of Beef,201905,2019M05,-,State,000 Tonnes,28.9
TSM04C2,Exports of Beef,201906,2019M06,-,State,000 Tonnes,32.5
TSM04C2,Exports of Beef,201907,2019M07,-,State,000 Tonnes,33.7
TSM04C2,Exports of Beef,201908,2019M08,-,State,000 Tonnes,31
TSM04C2,Exports of Beef,201909,2019M09,-,State,000 Tonnes,27.1
TSM04C2,Exports of Beef,201910,2019M10,-,State,000 Tonnes,33.1
TSM04C2,Exports of Beef,201911,2019M11,-,State,000 Tonnes,30.8
TSM04C2,Exports of Beef,201912,2019M12,-,State,000 Tonnes,38.1
TSM04C2,Exports of Beef,202001,2020M01,-,State,000 Tonnes,31.3
TSM04C2,Exports of Beef,202002,2020M02,-,State,000 Tonnes,31.2
TSM04C2,Exports of Beef,202003,2020M03,-,State,000 Tonnes,36
TSM04C2,Exports of Beef,202004,2020M04,-,State,000 Tonnes,25.8
TSM04C2,Exports of Beef,202005,2020M05,-,State,000 Tonnes,25
TSM04C2,Exports of Beef,202006,2020M06,-,State,000 Tonnes,32
TSM04C2,Exports of Beef,202007,2020M07,-,State,000 Tonnes,30.2
TSM04C2,Exports of Beef,202008,2020M08,-,State,000 Tonnes,28.7
TSM04C2,Exports of Beef,202009,2020M09,-,State,000 Tonnes,37
TSM04C2,Exports of Beef,202010,2020M10,-,State,000 Tonnes,33.4
TSM04C2,Exports of Beef,202011,2020M11,-,State,000 Tonnes,32.3
TSM04C2,Exports of Beef,202012,2020M12,-,State,000 Tonnes,45.5
TSM04C2,Exports of Beef,202101,2021M01,-,State,000 Tonnes,25.9
TSM04C2,Exports of Beef,202102,2021M02,-,State,000 Tonnes,26.5
TSM04C2,Exports of Beef,202103,2021M03,-,State,000 Tonnes,32.1
TSM04C2,Exports of Beef,202104,2021M04,-,State,000 Tonnes,30
TSM04C2,Exports of Beef,202105,2021M05,-,State,000 Tonnes,29.3
TSM04C2,Exports of Beef,202106,2021M06,-,State,000 Tonnes,32.3
TSM04C2,Exports of Beef,202107,2021M07,-,State,000 Tonnes,30.8
TSM04C2,Exports of Beef,202108,2021M08,-,State,000 Tonnes,30.8
TSM04C2,Exports of Beef,202109,2021M09,-,State,000 Tonnes,36
TSM04C2,Exports of Beef,202110,2021M10,-,State,000 Tonnes,32.6
TSM04C2,Exports of Beef,202111,2021M11,-,State,000 Tonnes,34
TSM04C2,Exports of Beef,202112,2021M12,-,State,000 Tonnes,30.1
TSM04C2,Exports of Beef,202201,2022M01,-,State,000 Tonnes,29
TSM04C2,Exports of Beef,202202,2022M02,-,State,000 Tonnes,52.4
